ID,Type,SKU,"GTIN, UPC, EAN, or ISBN",Name,Published,Is featured?,Visibility in catalog,Short description,Description,Date sale price starts,Date sale price ends,Tax status,Tax class,In stock?,Stock,Low stock amount,Backorders allowed?,Sold individually?,Weight (kg),Length (cm),Width (cm),Height (cm),Allow customer reviews?,Purchase note,Sale price,Regular price,Categories,Tags,Shipping class,Images,Download limit,Download expiry days,Parent,Grouped products,Upsells,Cross-sells,External URL,Button text,Position,Swatches Attributes,Brands,Blocksy Custom Data,Meta: _yoast_indexnow_last_ping,Meta: _yoast_wpseo_primary_machine-category,Meta: _yoast_wpseo_content_score,Meta: _yoast_wpseo_inclusive_language_score,Meta: _yoast_wpseo_focuskeywords,Meta: _yoast_wpseo_keywordsynonyms,Meta: _yoast_wpseo_estimated-reading-time-minutes,Meta: _yoast_wpseo_primary_sewing-machine,Meta: rank_math_primary_machine-category,Meta: rank_math_primary_sewing-machine,Meta: rank_math_news_sitemap_robots,Meta: actual_price,Meta: _actual_price,Meta: final_price,Meta: _final_price,Meta: rank_math_internal_links_processed,Meta: rank_math_seo_score,Meta: rank_math_focus_keyword,Meta: rank_math_pillar_content,Meta: rank_math_analytic_object_id,Meta: blocksy_demos_imported_post,Attribute 1 name,Attribute 1 value(s),Attribute 1 visible,Attribute 1 global,Attribute 2 name,Attribute 2 value(s),Attribute 2 visible,Attribute 2 global,Meta: rank_math_primary_sewing_machine_category,Meta: _kt_deleted_url,Meta: _oembed_856bcd3378105af3b83524cc666d7a72,Meta: rank_math_title,Meta: rank_math_description,Meta: rank_math_primary_accessory_category,Meta: _glsr_average,Meta: _glsr_ranking,Meta: _glsr_reviews,Attribute 3 name,Attribute 3 value(s),Attribute 3 visible,Attribute 3 global,Attribute 4 name,Attribute 4 value(s),Attribute 4 visible,Attribute 4 global,Attribute 5 name,Attribute 5 value(s),Attribute 5 visible,Attribute 5 global,Attribute 6 name,Attribute 6 value(s),Attribute 6 visible,Attribute 6 global,Attribute 7 name,Attribute 7 value(s),Attribute 7 visible,Attribute 7 global,Attribute 8 name,Attribute 8 value(s),Attribute 8 visible,Attribute 8 global,Attribute 9 name,Attribute 9 value(s),Attribute 9 visible,Attribute 9 global,Attribute 10 name,Attribute 10 value(s),Attribute 10 visible,Attribute 10 global,Attribute 11 name,Attribute 11 value(s),Attribute 11 visible,Attribute 11 global,Attribute 12 name,Attribute 12 value(s),Attribute 12 visible,Attribute 12 global,Attribute 13 name,Attribute 13 value(s),Attribute 13 visible,Attribute 13 global
254,simple,KT254HM,,MASTER Heavy Duty Sewing Machine (TA-1),1,0,visible,"MASTER Heavy Duty Sewing Machine Umbrella Model Full Shuttle—Traditional, heavy-duty tailoring machine with smooth operation. Ideal for all daily stitching needs.","The MASTER Heavy Duty Sewing Machine (TA-1 Umbrella Model) is a traditional heavy-duty tailoring machine known for its strong build, smooth motion, and long-lasting performance. Designed for tailors, boutiques, home sewing users, and small garment units, this machine features the classic full shuttle system, offering superior stitch strength and reliable results on thick and thin fabrics.\n\nWith its umbrella-style mechanism and robust metal construction, the MASTER Heavy Duty Sewing Machine ensures effortless operation, stable stitching, and excellent durability. It is ideal for stitching cotton, silk, uniforms, fall-pico work, blouses, daily tailoring, and general garment construction. Easy to maintain and simple to operate, this machine remains a trusted choice for both beginner and professional tailors.\n<h4>Key Features of MASTER Heavy Duty Sewing Machine</h4>\n<ul>\n 	<li>Full Shuttle Mechanism: Provides strong, durable stitches for long-lasting garment construction.</li>\n 	<li>Heavy-Duty Build: Robust metal body designed for years of reliable performance.</li>\n 	<li>Smooth Umbrella System: Ensures effortless hand or motor operation with minimal vibration.</li>\n 	<li>Multi-Fabric Compatible: Works well on cotton, silk, synthetics, and light-to-medium fabrics.</li>\n 	<li>Ideal for Tailoring Work: Suitable for blouses, fall-pico, dressmaking, alterations, and daily stitching.</li>\n 	<li>Classic Tailor’s Choice: Traditional design trusted by professional tailors across India.</li>\n 	<li>Easy to Maintain: Simple parts, low maintenance, and affordable servicing.</li>\n 	<li>Brand - MASTER</li>\n</ul>\n<h4><strong>Related Categories:</strong></h4>\n<ul>\n 	<li><a title=""Embroidery Sewing Machines"" href=""https://kingtailors.co.in/sewing-machines-category/embroidery-machines/"">Embroidery Sewing Machines</a></li>\n 	<li><a title=""Heavy Duty Sewing Machines"" href=""https://kingtailors.co.in/sewing-machines-category/heavy-duty-machines/"">Heavy Duty Sewing Machines</a></li>\n 	<li><a title=""Industrial Sewing Machines"" href=""https://kingtailors.co.in/sewing-machines-category/industrial-machines/"">Industrial Sewing Machines</a></li>\n 	<li><a title=""Manual or Hand Operated Sewing Machines"" href=""https://kingtailors.co.in/sewing-machines-category/manual-machines/"">Manual/Hand Operated Sewing Machines</a></li>\n 	<li><a title=""Overlock Sewing Machines"" href=""https://kingtailors.co.in/sewing-machines-category/overlock-machines/"">Overlock Sewing Machines</a></li>\n</ul>\nNote: Prices shown are indicative only. Final pricing may vary based on product size, quality, specifications, and customization.",,,taxable,,1,,,0,0,,,,,1,,8500,10999,"Sewing Machines > Heavy Duty Machines, Sewing Machines",,,http://localhost:8080/wordpress/wp-content/uploads/2025/11/master-ta-1-sewing-machine.webp,,,,,,,,,0,,Master,,1763445507,11,90,90,,,1,,11,,index,10999,field_695756292a2ef,8500,field_695758795b417,1,70,MASTER Heavy Duty Sewing Machine,on,78,,,,,,,,,,,,,,,,,,,,,,,,,,,,,,,,,,,,,,,,,,,,,,,,,,,,,,,,,,,,,,
361,simple,KT361AC,,Anand Stainless Steel Desert Air Cooler (2.5 Ft),1,0,visible,"The Anand Stainless Steel Desert Air Cooler (2.5 feet) is a premium cooling solution engineered for strength, durability, and high-performance air delivery. ","The Anand Stainless Steel Desert Air Cooler (2.5 feet) is a premium cooling solution engineered for strength, durability, and high-performance air delivery. Designed with a full stainless-steel body, this cooler ensures rust-free operation, longer lifespan, and maximum reliability even in extreme summer heat.\n\nEquipped with high-quality cooling pads, a powerful air-delivery motor, and a large water-holding capacity, this cooler provides fast and efficient cooling for homes, tailoring shops, offices, cabins, garages, and small commercial spaces.\n\nThe Anand Stainless Steel Desert Air Cooler's compact 2.5 ft. height makes it suitable for smaller rooms while still delivering the performance of a heavy-duty desert cooler. The stainless-steel construction ensures sturdiness, hygiene, and long-term cooling comfort. Designed with a full stainless-steel body, this cooler ensures rust-free operation, longer lifespan, and maximum reliability even in extreme summer heat.\n<h4>Key Features of Anand Stainless Steel Desert Air Cooler (2.5 feet)</h4>\n<ul>\n 	<li>Premium Stainless Steel Body – Rust-proof, strong, and long-lasting</li>\n 	<li>Compact 2.5-Foot Design—Ideal for homes, shops &amp; small workspaces</li>\n 	<li>Powerful Air Delivery Motor – Fast, efficient cooling performance</li>\n 	<li>Large Cooling Pads – Better airflow and cooling efficiency</li>\n 	<li>Low Power Consumption – Energy-efficient motor design</li>\n 	<li>Durable &amp; Easy to Maintain</li>\n 	<li>Perfect for Bedrooms, Shops, Cabins, Workshops</li>\n 	<li>Long Cooling Hours – Large water tank capacity</li>\n 	<li>Smooth Mobility (If wheels included)</li>\n 	<li>Availability – In Stock</li>\n</ul>\nAir coolers work using the principle of <a title=""Evaporative Cooling Technology"" href=""https://en.wikipedia.org/wiki/Evaporative_cooler"" target=""_blank"" rel=""nofollow noopener noindex"">evaporative cooling technology</a>, which naturally cools air while using significantly less electricity than traditional air conditioning systems.\n\nFor users who need cooling solutions for different room sizes, explore our range of<a href=""https://kingtailors.co.in/air-coolers-category/personal-coolers/""> energy-efficient personal air coolers</a>,<a href=""https://kingtailors.co.in/air-coolers-category/tower-coolers/""> modern tower air coolers</a>, and<a href=""https://kingtailors.co.in/air-coolers-category/portable/""> portable mini air coolers</a>.\n\n<strong>Related Cooler Categories:</strong>\n<ul>\n 	<li><a title=""High Performance Desert Air Coolers for Large Rooms"" href=""https://kingtailors.co.in/air-coolers-category/desert-coolers/"">High-Performance Desert Air Coolers for Large Rooms</a></li>\n 	<li><a title=""Heavy Duty Industrial Air Coolers for Workshops and Factories"" href=""https://kingtailors.co.in/air-coolers-category/industrial-coolers/"">Heavy Duty Industrial Air Coolers for Workshops and Factories</a></li>\n 	<li><a title=""Energy Efficient Personal Air Coolers for Home and Office"" href=""https://kingtailors.co.in/air-coolers-category/personal-coolers/"">Energy-Efficient Personal Air Coolers for Home and Office</a></li>\n 	<li><a title=""Portable and Mini Air Coolers for Small Rooms and Travel"" href=""https://kingtailors.co.in/air-coolers-category/portable-coolers/"">Portable and Mini Air Coolers for Small Rooms and Travel</a></li>\n 	<li><a title=""Slim Tower Air Coolers with Modern Space-Saving Design"" href=""https://kingtailors.co.in/air-coolers-category/tower-coolers/"">Slim Tower Air Coolers with Modern Space-Saving Design</a></li>\n</ul>",,,taxable,,1,,,0,0,,,,,1,,3500,4500,"Air Coolers, Air Coolers > Desert Air Coolers",,,http://localhost:8080/wordpress/wp-content/uploads/2025/11/2.5-feet-steel-desert-cooler.webp,,,,,,,,,0,,Anand Coolers,,,,,,,,,,,,index,6500,field_69575b54369ce,3500,field_69575b543a4d7,1,68,Anand Stainless Steel Desert Air Cooler,on,77,,,,,,,,,,,,,,,,,,,,,,,,,,,,,,,,,,,,,,,,,,,,,,,,,,,,,,,,,,,,,,
421,simple,KT421IM,,RMI Industrial Sewing Machine,1,0,visible,"RMI Industrial Sewing Machine—High-speed stitching, durable metal build, and ideal for professional tailoring and garment production.","The RMI Industrial Sewing Machine is a heavy-duty, high-speed industrial sewing machine built for professional tailors, boutique owners, and garment manufacturers who demand powerful, reliable, and high-performance stitching. Designed with a robust industrial-grade body, this machine delivers smooth operation, strong needle penetration, and exceptional durability, even during long hours of continuous use.\n\nWith its high-speed mechanism, the RMI industrial machine achieves fast, clean, and uniform stitching across a wide range of fabrics. Whether you're working with cotton, synthetics, denim, uniforms, or light-to-medium material garments, this machine ensures consistent output and long-lasting stitch quality.\n\nPerfect for tailoring shops, alteration centers, and home-based garment businesses, the RMI Heavy Duty Industrial Sewing Machine offers unbeatable performance, stability, and value in a professional sewing setup.\n<h4>Key Features of RMI Industrial Sewing Machine</h4>\n<ul>\n 	<li>Heavy Duty Build: Strong metal construction designed for industrial performance.</li>\n 	<li>High-Speed Stitching: Ensures fast, smooth, and professional sewing output.</li>\n 	<li>Powerful Needle Penetration: Handles thick seams and multiple fabric layers with ease.</li>\n 	<li>Perfect for Tailors &amp; Garment Units: Ideal for dressmaking, alterations, uniforms, blouses, and daily production.</li>\n 	<li>Stable &amp; Low Vibration: Precision engineering for consistent stitch quality.</li>\n 	<li>Energy-Efficient Motor Ready: Compatible with clutch or direct-drive motors.</li>\n 	<li>Works on Multiple Fabrics: Suitable for cotton, synthetics, denim, uniforms, and mixed materials.</li>\n 	<li>Easy to Maintain: Simple mechanism, long-lasting parts, and low maintenance.</li>\n 	<li>Brand - <a href=""http://rmisew.com/"" target=""_blank"" rel=""nofollow noopener noindex"">RMI International</a></li>\n 	<li>Availability - In Stock</li>\n</ul>\n<h4><strong>Related Categories:</strong></h4>\n<ul>\n 	<li><a title=""Embroidery Sewing Machines"" href=""https://kingtailors.co.in/sewing-machines-category/embroidery-machines/"">Embroidery Sewing Machines</a></li>\n 	<li><a title=""Heavy Duty Sewing Machines"" href=""https://kingtailors.co.in/sewing-machines-category/heavy-duty-machines/"">Heavy Duty Sewing Machines</a></li>\n 	<li><a title=""Industrial Sewing Machines"" href=""https://kingtailors.co.in/sewing-machines-category/industrial-machines/"">Industrial Sewing Machines</a></li>\n 	<li><a title=""Manual or Hand Operated Sewing Machines"" href=""https://kingtailors.co.in/sewing-machines-category/manual-machines/"">Manual/Hand Operated Sewing Machines</a></li>\n 	<li><a title=""Overlock Sewing Machines"" href=""https://kingtailors.co.in/sewing-machines-category/overlock-machines/"">Overlock Sewing Machines</a></li>\n</ul>\nNote: Prices shown are indicative only. Final pricing may vary based on product size, quality, specifications, and customization.",,,taxable,,1,,,0,0,,,,,0,,,,"Sewing Machines > Industrial Machines, Sewing Machines",,,http://localhost:8080/wordpress/wp-content/uploads/2025/11/rmi-industrial-sewing-machine.webp,,,,,,,,,0,,RMI,,,,,,,,,,,,index,,field_695756292a2ef,,field_695758795b417,1,67,RMI Industrial Sewing Machine,on,75,,,,,,,,,,,,,,,,,,,,,,,,,,,,,,,,,,,,,,,,,,,,,,,,,,,,,,,,,,,,,,
424,simple,KT424IM,,Brother High-Speed Sewing Machine,1,0,visible,"Brother High-Speed Sewing Machine buy for professional stitching and quilting. Fast, smooth, and durable. Perfect for tailors and home quilters.","The Brother High-Speed Sewing Machine is a premium-quality, multi-functional stitching powerhouse designed for professional quilters, tailors, boutiques, and home-based sewing enthusiasts. Built with Brother’s advanced technology, this machine delivers smooth, fast, and highly precise stitching, making it ideal for heavy quilting, detailed embroidery-like work, and everyday sewing tasks.\n\nWith its high-speed performance, versatile stitch functions, and superior needle penetration, the Brother quilting machine handles thick quilts, layered fabrics, denim, and delicate materials with ease. The machine also provides stable operation, low noise, and exceptional build quality—making it a long-lasting investment for both beginners and professionals.\n\nWhether you’re creating quilts, home décor, garments, or custom designs, the Brother High-Speed Machine ensures professional results with every stitch.\n<h4>Key Features of Brother High-Speed Sewing Machine</h4>\n<ul>\n 	<li>High-Speed Performance: Designed for fast and accurate stitching on all fabrics.</li>\n 	<li>Perfect for Quilting: Strong needle penetration handles thick layers and quilt sandwiches.</li>\n 	<li>Multi-Function Sewing: Supports a wide range of stitch types for daily tailoring &amp; quilting.</li>\n 	<li>Smooth &amp; Stable Operation: Low vibration and consistent stitch quality.</li>\n 	<li>User-Friendly Design: Easy threading, adjustable settings, and intuitive controls.</li>\n 	<li>Suitable for All Fabrics: Works efficiently on cotton, denim, quilts, synthetics, and heavy textiles.</li>\n 	<li>Durable Build Quality: Brother’s trusted engineering ensures long-lasting performance.</li>\n 	<li>Ideal for Professionals &amp; Hobbyists: Great for tailoring shops, home sewing rooms, and quilting studios.</li>\n 	<li>Brand - <a href=""https://www.brother.in/en/sewing-machines"" target=""_blank"" rel=""nofollow noopener noindex"">BOTHER</a></li>\n 	<li>Availability: In stock</li>\n</ul>\n<h4><strong>Related Categories:</strong></h4>\n<ul>\n 	<li><a title=""Embroidery Sewing Machines"" href=""https://kingtailors.co.in/sewing-machines-category/embroidery-machines/"">Embroidery Sewing Machines</a></li>\n 	<li><a title=""Heavy Duty Sewing Machines"" href=""https://kingtailors.co.in/sewing-machines-category/heavy-duty-machines/"">Heavy Duty Sewing Machines</a></li>\n 	<li><a title=""Industrial Sewing Machines"" href=""https://kingtailors.co.in/sewing-machines-category/industrial-machines/"">Industrial Sewing Machines</a></li>\n 	<li><a title=""Manual or Hand Operated Sewing Machines"" href=""https://kingtailors.co.in/sewing-machines-category/manual-machines/"">Manual/Hand Operated Sewing Machines</a></li>\n 	<li><a title=""Overlock Sewing Machines"" href=""https://kingtailors.co.in/sewing-machines-category/overlock-machines/"">Overlock Sewing Machines</a></li>\n</ul>\nNote: Prices shown are indicative only. Final pricing may vary based on product size, quality, specifications, and customization.",,,taxable,,1,,,0,0,,,,,0,,27599,29999,"Sewing Machines > Industrial Machines, Sewing Machines",,,http://localhost:8080/wordpress/wp-content/uploads/2025/11/brother-industrial-sewing-machine.webp,,,,,,,,,0,,Brother,,,,,,,,,,,,index,29999,field_695756292a2ef,27099,field_695758795b417,1,67,Brother High-Speed Sewing Machine,on,74,,,,,,,,,,,,,,,,,,,,,,,,,,,,,,,,,,,,,,,,,,,,,,,,,,,,,,,,,,,,,,
427,simple,KT427HM,,SONY Heavy-Duty Sewing Machine,1,0,visible,Buy SONY Heavy-Duty Sewing Machine – Strong tailoring machine with complete stand & table setup. Ideal for daily stitching and professional tailoring. In stock.,"The SONY Heavy-Duty Sewing Machine is a strong, reliable, and long-lasting sewing machine designed for daily sewing tasks and multi-fabric stitching. Built with durable metal components and a classic full shuttle mechanism, it delivers powerful, uniform stitches ideal for professional and home tailoring.\n\nThis machine comes as a complete set with a heavy-duty stand and table, offering stability, smooth operation, and a ready-to-use setup. Perfect for stitching blouses, fall pico, uniforms, dresses, and general garment construction, the SONY full shuttle model is trusted widely by tailors for its consistent performance and simple maintenance.\n\nWhether for small tailoring shops, home users, or boutique designers, the SONY Heavy-Duty Sewing Machine provides excellent value, strong stitch quality, and reliable daily performance.\n<h4>Key Features of SONY Heavy-Duty Sewing Machine</h4>\n<ul>\n 	<li>Full Shuttle Mechanism: Produces strong, durable stitches ideal for long-term garment wear.</li>\n 	<li>Complete Set Included: Comes with a heavy-duty stand and sturdy tabletop for stable operation.</li>\n 	<li>Heavy-Duty Metal Body: Built to last with smooth, vibration-free performance.</li>\n 	<li>Perfect for Tailoring Work: Suitable for blouses, fall pico, dresses, uniforms, and daily stitching.</li>\n 	<li>Smooth Operation: Efficient hand or motor-driven use with minimal maintenance.</li>\n 	<li>Works on Various Fabrics: Ideal for cotton, silk, synthetics, and light-to-medium materials.</li>\n 	<li>Beginner &amp; Professional Friendly: Simple design, easy threading, and reliable usage.</li>\n</ul>\n<h4><strong>Related Categories:</strong></h4>\n<ul>\n 	<li><a title=""Embroidery Sewing Machines"" href=""https://kingtailors.co.in/sewing-machines-category/embroidery-machines/"">Embroidery Sewing Machines</a></li>\n 	<li><a title=""Heavy Duty Sewing Machines"" href=""https://kingtailors.co.in/sewing-machines-category/heavy-duty-machines/"">Heavy Duty Sewing Machines</a></li>\n 	<li><a title=""Industrial Sewing Machines"" href=""https://kingtailors.co.in/sewing-machines-category/industrial-machines/"">Industrial Sewing Machines</a></li>\n 	<li><a title=""Manual or Hand Operated Sewing Machines"" href=""https://kingtailors.co.in/sewing-machines-category/manual-machines/"">Manual/Hand Operated Sewing Machines</a></li>\n 	<li><a title=""Overlock Sewing Machines"" href=""https://kingtailors.co.in/sewing-machines-category/overlock-machines/"">Overlock Sewing Machines</a></li>\n</ul>\nNote: Prices shown are indicative only. Final pricing may vary based on product size, quality, specifications, and customization.",,,taxable,,1,,,0,0,,,,,1,,8500,10999,"Sewing Machines > Heavy Duty Machines, Sewing Machines",,,http://localhost:8080/wordpress/wp-content/uploads/2025/11/sony-ta-1-sewing-machine.webp,,,,,,,,,0,,SONY,,,,,,,,,,,,index,10999,field_695756292a2ef,8500,field_695758795b417,1,70,SONY Heavy-Duty Sewing Machine,on,76,,,,,,,,,,,,,,,,,,,,,,,,,,,,,,,,,,,,,,,,,,,,,,,,,,,,,,,,,,,,,,
444,simple,KT444AC,,Metal Desert Air Cooler (3.5 Ft),1,0,visible,"Buy the Metal Desert Air Cooler 3.5 Ft—a heavy-duty, high-airflow cooler for homes, shops, workshops, and commercial use. Durable metal body with powerful cooling.","The Metal Desert Air Cooler is a 3.5-foot, powerful, and durable cooling solution designed to handle extreme summer heat. Built with a heavy-gauge metal body, large cooling pads, and a high-speed motor, this cooler ensures long-lasting performance with strong air delivery.\n\nPerfect for homes, tailoring shops, offices, workshops, garages, warehouses, and small commercial spaces, this metal desert air cooler provides fast, deep cooling even in high-temperature environments. The metal body offers excellent durability, while the large water tank ensures continuous cooling for hours without frequent refilling.\n\nDesigned for heavy-duty usage, this 3.5 ft desert cooler is ideal for people who want powerful airflow, long life, and rugged performance.\n<h4>Key Features of Metal Desert Air Cooler</h4>\n<ul>\n 	<li>Heavy-Duty Metal Body – Strong, long-lasting construction</li>\n 	<li>3.5 Feet Tall – Large airflow coverage &amp; better cooling capacity</li>\n 	<li>High Air Delivery Motor – Powerful airflow suitable for bigger areas</li>\n 	<li>Large Cooling Pads – Improved cooling efficiency</li>\n 	<li>Ideal for Homes, Shops &amp; Industrial Workspaces</li>\n 	<li>Low Power Consumption – Efficient performance</li>\n 	<li>Big Water Tank Capacity—Long cooling without refilling</li>\n 	<li>Strong Wheels (If applicable)—Easy mobility</li>\n 	<li>Designed for Harsh Summer Conditions</li>\n</ul>\nAir coolers work using the principle of <a title=""Evaporative Cooling Technology"" href=""https://en.wikipedia.org/wiki/Evaporative_cooler"" target=""_blank"" rel=""nofollow noopener noindex"">evaporative cooling technology</a>, which naturally cools air while using significantly less electricity than traditional air conditioning systems.\n\nFor users who need cooling solutions for different room sizes, explore our range of<a href=""https://kingtailors.co.in/air-coolers-category/personal-coolers/""> energy-efficient personal air coolers</a>,<a href=""https://kingtailors.co.in/air-coolers-category/tower-coolers/""> modern tower air coolers</a>, and<a href=""https://kingtailors.co.in/air-coolers-category/portable/""> portable mini air coolers</a>.\n\n<strong>Related Cooler Categories:</strong>\n<ul>\n 	<li><a title=""High Performance Desert Air Coolers for Large Rooms"" href=""https://kingtailors.co.in/air-coolers-category/desert-coolers/"">High-Performance Desert Air Coolers for Large Rooms</a></li>\n 	<li><a title=""Heavy Duty Industrial Air Coolers for Workshops and Factories"" href=""https://kingtailors.co.in/air-coolers-category/industrial-coolers/"">Heavy Duty Industrial Air Coolers for Workshops and Factories</a></li>\n 	<li><a title=""Energy Efficient Personal Air Coolers for Home and Office"" href=""https://kingtailors.co.in/air-coolers-category/personal-coolers/"">Energy-Efficient Personal Air Coolers for Home and Office</a></li>\n 	<li><a title=""Portable and Mini Air Coolers for Small Rooms and Travel"" href=""https://kingtailors.co.in/air-coolers-category/portable-coolers/"">Portable and Mini Air Coolers for Small Rooms and Travel</a></li>\n 	<li><a title=""Slim Tower Air Coolers with Modern Space-Saving Design"" href=""https://kingtailors.co.in/air-coolers-category/tower-coolers/"">Slim Tower Air Coolers with Modern Space-Saving Design</a></li>\n</ul>",,,taxable,,1,,,0,0,,,,,1,,6000,7999,"Air Coolers, Air Coolers > Desert Air Coolers",,,http://localhost:8080/wordpress/wp-content/uploads/2025/12/3.5-feet-metal-desert-cooler.webp,,,,,,,,,0,,Anand Coolers,,,,,,,,,,,,index,8000,field_69575b54369ce,6000,field_69575b543a4d7,1,74,Metal Desert Air Cooler,on,73,,,,,,,,,,,,,,,,,,,,,,,,,,,,,,,,,,,,,,,,,,,,,,,,,,,,,,,,,,,,,,
447,simple,KT447AC,,Anand Jeo Junior Air Cooler,1,0,visible,"Anand Jeo Junior Air Cooler Buy for powerful, Heavy Duty and efficient cooling. High air delivery, durable body, and energy-efficient motor. In stock.","Anand Jeo Junior Air Cooler is designed to deliver heavy-duty, powerful, and efficient cooling for homes, small offices, showrooms, and shops. Built with a high-performance motor, large cooling pads, and a durable body, this cooler ensures maximum airflow and quick temperature reduction even during peak summer heat.\n\nIts rugged construction and high air delivery make it ideal for continuous use, while the low power consumption ensures budget-friendly cooling. The Anand Jeo Junior Air Cooler model is easy to move, easy to maintain, and perfect for areas requiring fast and effective cooling performance.\n\nWhether for home bedrooms, tailoring shops, small businesses, or workshops, this cooler provides reliable, long-lasting, and heavy-duty cooling comfort.\n<h4>Key Features of Anand Jeo Junior Air Cooler</h4>\n<ul>\n 	<li>Heavy-Duty Air Cooler – Robust build designed for long-term performance</li>\n 	<li>High Air Delivery – Powerful airflow for fast and effective cooling</li>\n 	<li>Large Cooling Pads – Maximizes cooling efficiency</li>\n 	<li>Energy Efficient Motor – Strong cooling with low power consumption</li>\n 	<li>Ideal for Homes, Shops &amp; Workspaces</li>\n 	<li>Easy Mobility – Lightweight design with smooth movement</li>\n 	<li>Durable Body Construction</li>\n 	<li>Low Maintenance &amp; Long-Lasting Performance</li>\n 	<li>Availability – In Stock</li>\n</ul>\nAir coolers work using the principle of <a title=""Evaporative Cooling Technology"" href=""https://en.wikipedia.org/wiki/Evaporative_cooler"" target=""_blank"" rel=""nofollow noopener noindex"">evaporative cooling technology</a>, which naturally cools air while using significantly less electricity than traditional air conditioning systems.\n\nFor users who need cooling solutions for different room sizes, explore our range of<a href=""https://kingtailors.co.in/air-coolers-category/personal-coolers/""> energy-efficient personal air coolers</a>,<a href=""https://kingtailors.co.in/air-coolers-category/tower-coolers/""> modern tower air coolers</a>, and<a href=""https://kingtailors.co.in/air-coolers-category/portable/""> portable mini air coolers</a>.\n\n<strong>Related Cooler Categories:</strong>\n<ul>\n 	<li><a title=""High Performance Desert Air Coolers for Large Rooms"" href=""https://kingtailors.co.in/air-coolers-category/desert-coolers/"">High-Performance Desert Air Coolers for Large Rooms</a></li>\n 	<li><a title=""Heavy Duty Industrial Air Coolers for Workshops and Factories"" href=""https://kingtailors.co.in/air-coolers-category/industrial-coolers/"">Heavy Duty Industrial Air Coolers for Workshops and Factories</a></li>\n 	<li><a title=""Energy Efficient Personal Air Coolers for Home and Office"" href=""https://kingtailors.co.in/air-coolers-category/personal-coolers/"">Energy-Efficient Personal Air Coolers for Home and Office</a></li>\n 	<li><a title=""Portable and Mini Air Coolers for Small Rooms and Travel"" href=""https://kingtailors.co.in/air-coolers-category/portable-coolers/"">Portable and Mini Air Coolers for Small Rooms and Travel</a></li>\n 	<li><a title=""Slim Tower Air Coolers with Modern Space-Saving Design"" href=""https://kingtailors.co.in/air-coolers-category/tower-coolers/"">Slim Tower Air Coolers with Modern Space-Saving Design</a></li>\n</ul>",,,taxable,,1,,,0,0,,,,,1,,3000,4999,"Air Coolers, Air Coolers > Personal Air Coolers",,,http://localhost:8080/wordpress/wp-content/uploads/2025/12/anand-jeo-junior-mini-air-cooler.webp,,,,,,,,,0,,Anand Coolers,,,,,,,,,,,,index,5000,field_69575b54369ce,3000,field_69575b543a4d7,1,73,Anand Jeo Junior Air Cooler,on,72,,,,,,,,,,,,,,,,,,,,,,,,,,,,,,,,,,,,,,,,,,,,,,,,,,,,,,,,,,,,,,
513,simple,KT513IM,,HIROZE H1 Industrial Sewing Machine,1,0,visible,"Buy the Hiroze H1 Industrial Sewing Machine in Ozar, Nashik – a 5000 SPM high-speed motor-operated stitching machine with an imported hook set, heavy-duty table, 1.5 mm stand, and 3-year motor + PCB warranty.","Hiroze H1 Industrial Sewing Machine is a high-performance stitching solution designed for tailors, boutiques, garment manufacturers, and large-scale textile units. Engineered for precision and durability, this machine delivers a maximum sewing speed of 5000 stitches per minute, ensuring superior productivity and smooth operation even during long working hours.\n\nBuilt with an imported hook set, heavy-quality tabletop, and 1.5 mm metal stand, the Hiroze H1 offers stable performance with minimal vibration. It comes with a powerful motor, 1-needle/2-thread configuration, and stitch length above 4mm, making it ideal for professional stitching of light, medium, and heavy fabrics.\n\nWhether you're upgrading your workshop or starting a new tailoring unit in Malegaon, the Hiroze H1 Industrial Sewing Machine brings unmatched reliability and value—backed by a 3-year warranty on the PCB and motor.\n<h4>Key Features of HIROZE H1 Industrial Sewing Machine:</h4>\n<ul>\n 	<li>High-Speed Performance: Up to 5000 stitches per minute for increased productivity.</li>\n 	<li>Industrial-Grade Build: Durable construction ideal for continuous commercial use.</li>\n 	<li>Motor Operated: Smooth, efficient, and vibration-free stitching.</li>\n 	<li>1 Needle, 2 Threads Setup: Perfect for professional straight stitching.</li>\n 	<li>Extended Stitch Length: Supports more than 4mm stitch length for versatile applications.</li>\n 	<li>Imported Hook Set: Ensures consistent and smooth thread loop formation.</li>\n 	<li>Heavy Table &amp; Strong Stand: Comes with a 1.5 mm stand and heavy-quality tabletop for extra stability.</li>\n 	<li>Warranty Included: 3 years of warranty on the motor and PCB for peace of mind.</li>\n 	<li>Brand New Condition: 100% new machine—reliable and ready for immediate use.</li>\n 	<li>Brand - HIROZE</li>\n 	<li>Availability: In stock</li>\n</ul>\n<h4><strong>Related Categories:</strong></h4>\n<ul>\n 	<li><a title=""Embroidery Sewing Machines"" href=""https://kingtailors.co.in/sewing-machines-category/embroidery-machines/"">Embroidery Sewing Machines</a></li>\n 	<li><a title=""Heavy Duty Sewing Machines"" href=""https://kingtailors.co.in/sewing-machines-category/heavy-duty-machines/"">Heavy Duty Sewing Machines</a></li>\n 	<li><a title=""Industrial Sewing Machines"" href=""https://kingtailors.co.in/sewing-machines-category/industrial-machines/"">Industrial Sewing Machines</a></li>\n 	<li><a title=""Manual or Hand Operated Sewing Machines"" href=""https://kingtailors.co.in/sewing-machines-category/manual-machines/"">Manual/Hand Operated Sewing Machines</a></li>\n 	<li><a title=""Overlock Sewing Machines"" href=""https://kingtailors.co.in/sewing-machines-category/overlock-machines/"">Overlock Sewing Machines</a></li>\n</ul>\nNote: Prices shown are indicative only. Final pricing may vary based on product size, quality, specifications, and customization.",,,taxable,,1,,,0,0,,,,,0,,24999,27999,"Sewing Machines > Industrial Machines, Sewing Machines",,,http://localhost:8080/wordpress/wp-content/uploads/2025/12/hiroze-h1-sewing-machine.webp,,,,,,,,,0,,Hiroze,,,,,,,,,,,,index,27999,field_695756292a2ef,24999,field_695758795b417,1,70,HIROZE H1 Industrial Sewing Machine,on,71,,,,,,,,,,,,,,,,,,,,,,,,,,,,,,,,,,,,,,,,,,,,,,,,,,,,,,,,,,,,,,
519,simple,KT519IM,,PRECIOUS Industrial Sewing Machine,1,0,visible,"Buy PRECIOUS Industrial Sewing Machine – motor-operated, 3000 SPM, cast iron body. Ideal for light fabrics. Available in both new and second-hand condition. In stock.","The Precious Industrial Sewing Machine is a reliable and efficient stitching solution designed specifically for light-material tailoring applications. Built to deliver consistent performance, this machine is an excellent choice for boutique owners, tailoring shops, and small-scale garment production units that require precision and speed in their daily operations. Its sturdy construction and practical features make it a dependable addition to any workspace focused on quality stitching.\n\nWith a maximum sewing speed of up to 3000 stitches per minute, this machine ensures smooth, accurate, and uniform stitching across a variety of lightweight fabrics. Whether you are working on cotton, linen, or other delicate materials, the machine maintains excellent stitch quality without compromising on efficiency. This makes it ideal for handling bulk orders while maintaining a professional finish.\n\nEquipped with a motor-operated system, the Precious Industrial Sewing Machine offers seamless and continuous performance, reducing manual effort and increasing productivity. The 1-needle, 1-thread setup is perfectly suited for standard straight stitching tasks, making it easy to operate even for beginners while still meeting the expectations of experienced tailors.\n\nThe machine is specifically engineered for light materials, ensuring that fabrics are handled gently without damage or uneven stitching. Despite being designed for lighter applications, it features a heavy-duty cast iron body that provides excellent stability during operation and enhances long-term durability. This robust construction minimizes vibrations and ensures consistent results over extended use.\n\nAnother key advantage is its easy maintenance and user-friendly design. Tailors and small business owners can operate and maintain the machine without requiring extensive technical knowledge, saving both time and operational costs. Additionally, the machine is available in both new and second-hand options, making it accessible for different budget ranges and business needs.\n\nWith ready stock available, customers can benefit from quick delivery and installation support, allowing them to start their work without delays. Overall, the Precious Industrial Sewing Machine is a practical, cost-effective, and high-performing solution for anyone looking to enhance their light-duty sewing operations with reliability and ease.\n<h4>Key Features of PRECIOUS Industrial Sewing Machine</h4>\n<ul>\n 	<li>Max Speed up to 3000 SPM: Suitable for light-duty industrial stitching.</li>\n 	<li>Motor Operated: Ensures smooth, continuous stitching performance.</li>\n 	<li>1 Needle, 1 Thread Setup: Ideal for standard straight stitching.</li>\n 	<li>Perfect for Light Materials: Designed specifically for lightweight fabrics.</li>\n 	<li>Heavy-Duty Cast Iron Body: Strong build for stability and long-term durability.</li>\n 	<li>Available New &amp; Second-Hand: Options for every budget and requirement.</li>\n 	<li>Easy Maintenance: User-friendly design for tailors and small units.</li>\n 	<li>Ready Stock Available: Immediate delivery and installation support.</li>\n 	<li>Brand - PRECIOUS</li>\n 	<li>Availability - In Stock</li>\n</ul>\n<h4>Related Categories:</h4>\n<ul>\n 	<li><a title=""Embroidery Sewing Machines"" href=""https://kingtailors.co.in/sewing-machines-category/embroidery/"">Embroidery Sewing Machines</a></li>\n 	<li><a title=""Heavy Duty Sewing Machines"" href=""https://kingtailors.co.in/sewing-machines-category/heavy-duty/"">Heavy-Duty Sewing Machines</a></li>\n 	<li><a title=""Industrial Sewing Machines"" href=""https://kingtailors.co.in/sewing-machines-category/industrial/"">Industrial Sewing Machines</a></li>\n 	<li><a title=""Manual or Hand Operated Sewing Machines"" href=""https://kingtailors.co.in/sewing-machines-category/manual/"">Manual/Hand Operated Sewing Machines</a></li>\n 	<li><a title=""Overlock Sewing Machines"" href=""https://kingtailors.co.in/sewing-machines-category/overlock/"">Overlock Sewing Machines</a></li>\n</ul>\nNote: Prices shown are indicative only. Final pricing may vary based on product size, quality, specifications, and customization.",,,taxable,,1,,,0,0,,,,,0,,22500,25999,"Sewing Machines > Industrial Machines, Sewing Machines",,,http://localhost:8080/wordpress/wp-content/uploads/2025/12/precious-sewing-machine.webp,,,,,,,,,0,,Precious,,,,,,,,,,,,index,25999,field_695756292a2ef,22500,field_695758795b417,1,67,PRECIOUS Industrial Sewing Machine,on,70,,,,,,,,,,,,,,,,,,,,,,,,,,,,,,,,,,,,,,,,,,,,,,,,,,,,,,,,,,,,,,
523,simple,KT523IM,,D-MAX Industrial Sewing Machine,1,0,visible,"The D-Max Industrial Sewing Machine is a lockstitch direct-drive machine engineered for fast, smooth, and professional stitching in tailoring shops, garment units, and small-scale manufacturing setups.","The D-MAX Industrial Sewing Machine is engineered for lockstitch direct drive, fast, smooth, and professional stitching in tailoring shops, garment units, and small-scale manufacturing setups. Delivering a maximum speed of 4000 stitches per minute, this machine is built for high productivity and long-term durability.\n\nWith its direct drive motor, the D-MAX machine operates with reduced noise, minimal vibration, and improved energy efficiency. It features a 1-needle, 1-thread lockstitch system that ensures precise, consistent stitching on a wide range of fabrics. The machine supports a stitch length of more than 4mm, making it suitable for both standard tailoring and heavy-duty applications.\n\nAvailable in stock as a full set, including the machine head, motor, table, and stand, the D-MAX Industrial Sewing Machine offers exceptional value and ready-to-use convenience for professional stitching environments. Delivering a maximum speed of 4000 stitches per minute, this machine is built for high productivity and long-term durability.\n<h4>Key Features of D-MAX Industrial Sewing Machine</h4>\n<ul>\n 	<li>High-Speed Output: Up to 4000 stitches per minute for faster production.</li>\n 	<li>Direct Drive Motor: Low noise, energy-efficient, and smooth performance.</li>\n 	<li>1 Needle, 1 Thread Lockstitch: Ensures accurate and stable stitching.</li>\n 	<li>Extended Stitch Length: Supports more than 4mm for versatile applications.</li>\n 	<li>Industrial Grade Build: Ideal for tailoring shops, boutiques, and garment factories.</li>\n 	<li>Full Set Included: Comes with machine head, motor, heavy-duty stand, and table.</li>\n 	<li>Motor Operated: Reliable and powerful for continuous use.</li>\n 	<li>Brand - D-MAX</li>\n 	<li>Availability - In Stock</li>\n</ul>\n<h4><strong>Related Categories:</strong></h4>\n<ul>\n 	<li><a title=""Embroidery Sewing Machines"" href=""https://kingtailors.co.in/sewing-machines-category/embroidery-machines/"">Embroidery Sewing Machines</a></li>\n 	<li><a title=""Heavy Duty Sewing Machines"" href=""https://kingtailors.co.in/sewing-machines-category/heavy-duty-machines/"">Heavy Duty Sewing Machines</a></li>\n 	<li><a title=""Industrial Sewing Machines"" href=""https://kingtailors.co.in/sewing-machines-category/industrial-machines/"">Industrial Sewing Machines</a></li>\n 	<li><a title=""Manual or Hand Operated Sewing Machines"" href=""https://kingtailors.co.in/sewing-machines-category/manual-machines/"">Manual/Hand Operated Sewing Machines</a></li>\n 	<li><a title=""Overlock Sewing Machines"" href=""https://kingtailors.co.in/sewing-machines-category/overlock-machines/"">Overlock Sewing Machines</a></li>\n</ul>\nNote: Prices shown are indicative only. Final pricing may vary based on product size, quality, specifications, and customization.",,,taxable,,1,,,0,0,,,,,0,,25000,27999,"Sewing Machines > Industrial Machines, Sewing Machines",,,http://localhost:8080/wordpress/wp-content/uploads/2025/12/D-Max-Industrial-Sewing-Machine-1.webp,,,,,,,,,0,,D Max,,,,,,,,,,,,index,27999,field_695756292a2ef,25000,field_695758795b417,1,70,D-Max Industrial Sewing Machine,on,69,,,,,,,,,,,,,,,,,,,,,,,,,,,,,,,,,,,,,,,,,,,,,,,,,,,,,,,,,,,,,,
525,simple,,,Retro Sunglasses,1,0,visible,Etiam non quam lacus suspendisse faucibus interdum posuere lorem. Viverra orci sagittis eu volutpat odio facilisis mauris sit. In ante metus dictum at tempor commodo.\n\nGravida arcu ac tortor dignissim convallis aenean et tortor at. Purus ut faucibus pulvinar elementum integer enim neque volutpat ac.\n\nCommodo quis imperdiet massa tincidunt nunc pulvinar sapien et. Risus at ultrices mi tempus. Mattis pellentesque id nibh tortor id aliquet. Porttitor rhoncus dolor purus non enim.,Sit amet nisl suscipit adipiscing bibendum est ultricies. Pharetra diam sit amet nisl suscipit adipiscing bibendum est. Interdum posuere lorem ipsum dolor sit amet consectetur adipiscing elit. Commodo viverra maecenas accumsan lacus vel facilisis. Suscipit adipiscing bibendum est ultricies integer quis auctor elit. Adipiscing vitae proin sagittis nisl rhoncus mattis rhoncus urna neque. Lectus urna duis convallis convallis tellus id interdum.\n\nEtiam non quam lacus suspendisse faucibus interdum posuere lorem. Viverra orci sagittis eu volutpat odio facilisis mauris sit. In ante metus dictum at tempor commodo. Gravida arcu ac tortor dignissim convallis aenean et tortor at. Purus ut faucibus pulvinar elementum integer enim neque volutpat ac.\n\nCommodo quis imperdiet massa tincidunt nunc pulvinar sapien et. Risus at ultrices mi tempus. Mattis pellentesque id nibh tortor id aliquet. Porttitor rhoncus dolor purus non enim.,,,taxable,,1,,,0,0,,,,,1,,55,60,Accessories,,,http://localhost:8080/wordpress/wp-content/uploads/2021/12/shop-item-9_optimized-1.webp,,,,,,,,,0,,,,,,,,,,,,,,,,,,,,,,,,1,,,,,,,,,,,,,,,,,,,,,,,,,,,,,,,,,,,,,,,,,,,,,,,,,,,,,,,,,,,,,
527,simple,,,Black T-shirt,1,0,visible,Ut consequat semper viverra nam libero justo laoreet. Vitae turpis massa sed elementum tempus egestas. Vitae sapien pellentesque habitant morbi tristique.\n\nEu non diam phasellus vestibulum lorem sed risus ultricies tristique. Faucibus interdum posuere lorem ipsum dolor. Id semper risus in hendrerit gravida.\n\nDui sapien eget mi proin sed libero enim sed. Vitae ultricies leo integer malesuada nunc vel risus. Sit amet venenatis urna cursus eget nunc. Feugiat in ante metus dictum at tempor commodo ullamcorper. Neque volutpat ac tincidunt vitae semper quis.,Eu turpis egestas pretium aenean. Eu sem integer vitae justo. At risus viverra adipiscing at in. Urna nunc id cursus metus aliquam eleifend. Sed nisi lacus sed viverra tellus in hac. Ut tristique et egestas quis ipsum suspendisse. Auctor elit sed vulputate mi sit amet mauris commodo. Sed felis eget velit aliquet sagittis id consectetur purus ut. Imperdiet proin fermentum leo vel. Vestibulum sed arcu non odio.\n\nUt consequat semper viverra nam libero justo laoreet. Vitae turpis massa sed elementum tempus egestas. Vitae sapien pellentesque habitant morbi tristique. Eu non diam phasellus vestibulum lorem sed risus ultricies tristique. Faucibus interdum posuere lorem ipsum dolor. Id semper risus in hendrerit gravida.\n\nDui sapien eget mi proin sed libero enim sed. Vitae ultricies leo integer malesuada nunc vel risus. Sit amet venenatis urna cursus eget nunc. Feugiat in ante metus dictum at tempor commodo ullamcorper. Neque volutpat ac tincidunt vitae semper quis.,,,taxable,,1,,,0,0,,,,,1,,50,80,T-Shirts,,,http://localhost:8080/wordpress/wp-content/uploads/2021/12/shop-item-7_optimized-1.webp,,,,,,,,,0,,,,,,,,,,,,,,,,,,,,,,,,1,,,,,,,,,,,,,,,,,,,,,,,,,,,,,,,,,,,,,,,,,,,,,,,,,,,,,,,,,,,,,
529,simple,,,Gray Shoes,1,0,visible,Etiam non quam lacus suspendisse faucibus interdum posuere lorem. Viverra orci sagittis eu volutpat odio facilisis mauris sit. In ante metus dictum at tempor commodo. Gravida arcu ac tortor dignissim convallis aenean et tortor at. Purus ut faucibus pulvinar elementum integer enim neque volutpat ac.\n\nCommodo quis imperdiet massa tincidunt nunc pulvinar sapien et. Risus at ultrices mi tempus. Mattis pellentesque id nibh tortor id aliquet. Porttitor rhoncus dolor purus non enim.,Etiam non quam lacus suspendisse faucibus interdum posuere lorem. Viverra orci sagittis eu volutpat odio facilisis mauris sit. In ante metus dictum at tempor commodo. Gravida arcu ac tortor dignissim convallis aenean et tortor at. Purus ut faucibus pulvinar elementum integer enim neque volutpat ac.\n\nCommodo quis imperdiet massa tincidunt nunc pulvinar sapien et. Risus at ultrices mi tempus. Mattis pellentesque id nibh tortor id aliquet. Porttitor rhoncus dolor purus non enim.\n\nUt consequat semper viverra nam libero justo laoreet. Vitae turpis massa sed elementum tempus egestas. Vitae sapien pellentesque habitant morbi tristique. Eu non diam phasellus vestibulum lorem sed risus ultricies tristique. Faucibus interdum posuere lorem ipsum dolor. Id semper risus in hendrerit gravida.\n\nDui sapien eget mi proin sed libero enim sed. Vitae ultricies leo integer malesuada nunc vel risus. Sit amet venenatis urna cursus eget nunc. Feugiat in ante metus dictum at tempor commodo ullamcorper. Neque volutpat ac tincidunt vitae semper quis.,,,taxable,,1,,,0,0,,,,,1,,,50,Sneakers,,,http://localhost:8080/wordpress/wp-content/uploads/2021/12/shop-item-6_optimized-1.webp,,,,,,,,,0,,,,,,,,,,,,,,,,,,,,,,,,1,,,,,,,,,,,,,,,,,,,,,,,,,,,,,,,,,,,,,,,,,,,,,,,,,,,,,,,,,,,,,
530,simple,KT530OM,,Overlock Serger Sewing Machine,1,0,visible,"The overlock serger sewing machine is a highly efficient industrial serger designed for professional edge finishing, trimming, and overlocking on a wide range of fabrics.","An overlock serger sewing machine is a highly efficient industrial serger designed for professional edge finishing, trimming, and overlocking on a wide range of fabrics. Known for its smooth performance and durable build, this machine is ideal for tailoring shops, boutiques, garment manufacturing units, and home-based sewing businesses. Known for its smooth performance and durable build, this machine is ideal for tailoring shops, boutiques, garment manufacturing units, and home-based sewing businesses.\n\nThe model is engineered for clean seam edges, preventing fabric fraying and ensuring a premium finish. Its compact structure, stable operation, and user-friendly design make it suitable for continuous use. Whether you’re stitching light, medium, or semi-heavy materials, it delivers perfect overlock stitching with consistent thread tension and precision.\n\nWith strong construction and reliable components, this machine offers long-lasting performance and is an excellent choice for garment finishing work.\n<h4>Key Features of Overlock Serger Sewing Machine</h4>\n<ul>\n 	<li>Professional Overlock Stitching: Ideal for clean edge finishing and anti-fray protection.</li>\n 	<li>Stable Industrial Build: Designed for continuous use in the tailoring and garment industry.</li>\n 	<li>Compact &amp; Efficient: Occupies less space and provides vibration-free operation.</li>\n 	<li>Consistent Thread Tension: Ensures neat, uniform stitching on all fabric types.</li>\n 	<li>Suitable for Multiple Materials: Works well on light, medium, and semi-heavy fabrics.</li>\n 	<li>Easy to Operate: Smooth mechanisms for beginner and professional tailors.</li>\n 	<li>Low Maintenance: Durable components with long-life performance.</li>\n 	<li>Availability: In stock</li>\n 	<li>Brand - PANTHER</li>\n</ul>\n<h4><strong>Related Categories:</strong></h4>\n<ul>\n 	<li><a title=""Embroidery Sewing Machines"" href=""https://kingtailors.co.in/sewing-machines-category/embroidery-machines/"">Embroidery Sewing Machines</a></li>\n 	<li><a title=""Heavy Duty Sewing Machines"" href=""https://kingtailors.co.in/sewing-machines-category/heavy-duty-machines/"">Heavy Duty Sewing Machines</a></li>\n 	<li><a title=""Industrial Sewing Machines"" href=""https://kingtailors.co.in/sewing-machines-category/industrial-machines/"">Industrial Sewing Machines</a></li>\n 	<li><a title=""Manual or Hand Operated Sewing Machines"" href=""https://kingtailors.co.in/sewing-machines-category/manual-machines/"">Manual/Hand Operated Sewing Machines</a></li>\n 	<li><a title=""Overlock Sewing Machines"" href=""https://kingtailors.co.in/sewing-machines-category/overlock-machines/"">Overlock Sewing Machines</a></li>\n</ul>\nNote: Prices shown are indicative only. Final pricing may vary based on product size, quality, specifications, and customization.",,,taxable,,1,,,0,0,,,,,1,,8500,10999,"Sewing Machines > Overlock Machines, Sewing Machines",,Heavy Items,"http://localhost:8080/wordpress/wp-content/uploads/2025/12/overclock-serger-sewing-machines.webp, http://localhost:8080/wordpress/wp-content/uploads/2025/12/overlock-machine-gallery-image-1.webp",,,,,,,,,0,,Panther,,,,,,,,,,,,index,10999,field_695756292a2ef,8500,field_695758795b417,1,67,Overlock Serger Sewing Machine,on,68,,Color,"Beige, Black, Green",1,1,Size,Medium,1,1,,,,,,,,,,,,,,,,,,,,,,,,,,,,,,,,,,,,,,,,,,,,,,,,,,,,,
532,simple,,,Snapback Cap,1,0,visible,Scelerisque purus semper eget duis at tellus at. In fermentum posuere urna nec tincidunt praesent semper feugiat nibh. Commodo quis imperdiet massa tincidunt nunc pulvinar sapien.\n\nNunc sed blandit libero volutpat sed. Justo eget magna fermentum iaculis eu non diam. Mauris sit amet massa vitae tortor condimentum. Ligula ullamcorper malesuada proin libero nunc. Pharetra pharetra massa massa ultricies mi quis.,Pellentesque dignissim enim sit amet venenatis. Pharetra pharetra massa massa ultricies mi quis hendrerit dolor. Amet facilisis magna etiam tempor orci eu lobortis. Senectus et netus et malesuada fames ac turpis. Lobortis elementum nibh tellus molestie nunc non blandit massa enim.\n\nScelerisque purus semper eget duis at tellus at. In fermentum posuere urna nec tincidunt praesent semper feugiat nibh. Commodo quis imperdiet massa tincidunt nunc pulvinar sapien.\n\nNunc sed blandit libero volutpat sed. Justo eget magna fermentum iaculis eu non diam. Mauris sit amet massa vitae tortor condimentum. Ligula ullamcorper malesuada proin libero nunc. Pharetra pharetra massa massa ultricies mi quis.\n\nPulvinar mattis nunc sed blandit libero volutpat sed. Duis at tellus at urna condimentum mattis. Enim sit amet venenatis urna cursus. At ultrices mi tempus imperdiet nulla malesuada pellentesque. Gravida dictum fusce ut placerat orci nulla pellentesque dignissim enim.,,,taxable,,1,,,0,0,,,,,1,,30,45,Accessories,,,http://localhost:8080/wordpress/wp-content/uploads/2021/12/shop-item-10_optimized-1.webp,,,,,,,,,0,,,,,,,,,,,,,,,,,,,,,,,,1,,,,,,,,,,,,,,,,,,,,,,,,,,,,,,,,,,,,,,,,,,,,,,,,,,,,,,,,,,,,,
542,simple,KT542HM,,HOTSUN Sewing Machine,1,0,visible,"HOTSUN Sewing Machine – Durable, smooth, and ideal for tailoring shops or home stitching. Perfect for daily garment construction. In stock.","The HOTSUN Heavy-Duty Sewing Machine is designed for users who want a powerful, reliable, and durable stitching solution for everyday tailoring and garment construction. Built with a strong metal frame and high-quality components, this machine ensures smooth operation, consistent stitch quality, and long-lasting performance.\n\nIdeal for tailoring shops, home stitchers, boutiques, and beginners, the HOTSUN sewing machine delivers clean and professional results on a variety of fabrics—from light materials to medium-weight textiles. Whether you are stitching blouses, dresses, fall pico, alterations, or basic garment repairs, this machine offers stable and efficient performance for all your sewing needs. Simple to operate, easy to maintain, and trusted by many tailoring professionals, the HOTSUN Sewing Machine is a great choice for anyone looking for a dependable sewing companion.\n<h4><strong>Key Features of HOTSUN Sewing Machine</strong></h4>\n<ul>\n 	<li>Strong Metal Body: Designed for long-lasting durability and stable performance.</li>\n 	<li>Smooth &amp; Consistent Stitching: Ideal for daily tailoring and garment construction.</li>\n 	<li>Multi-Fabric Compatible: Works well on cotton, silk, synthetics, and medium-weight fabrics.</li>\n 	<li>User-Friendly Operation: Easy threading, smooth handling, and beginner-friendly design.</li>\n 	<li>Perfect for Tailoring Work: Suitable for blouses, dressmaking, fall-pico, and alterations.</li>\n 	<li>Low Maintenance: Reliable mechanism with long-service parts.</li>\n 	<li>Ideal for Shops &amp; Home Use: Perfect for small tailoring units and household sewing.</li>\n 	<li>Brand - HOTSUN</li>\n 	<li>Availability - In Stock</li>\n</ul>\n<h4><strong>Related Categories:</strong></h4>\n<ul>\n 	<li><a title=""Embroidery Sewing Machines"" href=""https://kingtailors.co.in/sewing-machines-category/embroidery-machines/"">Embroidery Sewing Machines</a></li>\n 	<li><a title=""Heavy Duty Sewing Machines"" href=""https://kingtailors.co.in/sewing-machines-category/heavy-duty-machines/"">Heavy Duty Sewing Machines</a></li>\n 	<li><a title=""Industrial Sewing Machines"" href=""https://kingtailors.co.in/sewing-machines-category/industrial-machines/"">Industrial Sewing Machines</a></li>\n 	<li><a title=""Manual or Hand Operated Sewing Machines"" href=""https://kingtailors.co.in/sewing-machines-category/manual-machines/"">Manual/Hand Operated Sewing Machines</a></li>\n 	<li><a title=""Overlock Sewing Machines"" href=""https://kingtailors.co.in/sewing-machines-category/overlock-machines/"">Overlock Sewing Machines</a></li>\n</ul>\nNote: Prices shown are indicative only. Final pricing may vary based on product size, quality, specifications, and customization.",,,taxable,,1,,,0,0,,,,,1,,9000,10999,"Sewing Machines > Heavy Duty Machines, Sewing Machines",,,http://localhost:8080/wordpress/wp-content/uploads/2025/12/HOTSUN-Sewing-Machine.webp,,,,,,,,,0,,HOTSUN,,,,,,,,,,,,index,10999,field_695756292a2ef,9000,field_695758795b417,1,73,HOTSUN sewing machine,on,63,,,,,,,,,,,,,,,,,,,,,,,,,,,,,,,,,,,,,,,,,,,,,,,,,,,,,,,,,,,,,,
545,simple,KT545HM,,RMI Sewing Machine,1,0,visible,"RMI Sewing Machine—Durable, smooth, and perfect for daily tailoring tasks. Strong metal body with clean stitch output.","The RMI Sewing Machine is a strong, reliable, and smooth-performing tailoring machine built for everyday garment stitching and professional use. Designed with a heavy-duty metal frame and high-quality mechanical parts, the RMI machine delivers powerful needle performance, clean stitches, and excellent durability, making it suitable for both home users and tailoring shops. Perfect for blouses, dresses, fall pico, alterations, uniforms, and general clothing repairs, the RMI Sewing Machine handles light to medium fabrics with ease. Its stable design ensures vibration-free operation, while the simple mechanism allows beginners and professionals to work comfortably for long hours. Trusted by tailors and home users alike, the RMI Sewing Machine is a dependable choice for anyone looking for long-lasting performance and smooth, consistent stitching.\n<h4>Key Features of the RMI Sewing Machine</h4>\n<ul>\n 	<li>Heavy-Duty Metal Body: Built for durability and stable stitching performance.</li>\n 	<li>Smooth Operation: Ensures clean, consistent stitches for all tailoring tasks.</li>\n 	<li>Multi-Fabric Friendly: Works on cotton, silk, synthetics, and medium-weight materials.</li>\n 	<li>Perfect for Tailors: Ideal for blouses, dresses, uniforms, fall pico, and daily tailoring.</li>\n 	<li>Easy to Use: Simple threading, smooth handling, and beginner-friendly operation.</li>\n 	<li>Low Maintenance Design: Long-lasting mechanical parts with minimal upkeep required.</li>\n 	<li>Reliable for Home &amp; Shop Use: Suitable for tailoring units, boutique designers, and household sewing.</li>\n 	<li>Brand - <a href=""https://rmisew.com/"" target=""_blank"" rel=""nofollow noopener nofollow"">RMI Machines International </a></li>\n 	<li>Availability: In stock</li>\n</ul>\n<h4><strong>Related Categories:</strong></h4>\n<ul>\n 	<li><a title=""Embroidery Sewing Machines"" href=""https://kingtailors.co.in/sewing-machines-category/embroidery-machines/"">Embroidery Sewing Machines</a></li>\n 	<li><a title=""Heavy Duty Sewing Machines"" href=""https://kingtailors.co.in/sewing-machines-category/heavy-duty-machines/"">Heavy-Duty Sewing Machines</a></li>\n 	<li><a title=""Industrial Sewing Machines"" href=""https://kingtailors.co.in/sewing-machines-category/industrial-machines/"">Industrial Sewing Machines</a></li>\n 	<li><a title=""Manual or Hand Operated Sewing Machines"" href=""https://kingtailors.co.in/sewing-machines-category/manual-machines/"">Manual/Hand-Operated Sewing Machines</a></li>\n 	<li><a title=""Overlock Sewing Machines"" href=""https://kingtailors.co.in/sewing-machines-category/overlock-machines/"">Overlock Sewing Machines</a></li>\n</ul>\nNote: Prices shown are indicative only. Final pricing may vary based on product size, quality, specifications, and customization.",,,taxable,,1,,,0,0,,,,,0,,6000,7500,"Sewing Machines > Heavy Duty Machines, Sewing Machines",,,http://localhost:8080/wordpress/wp-content/uploads/2025/12/rmi-sewing-machine.webp,,,,,,,,,0,,RMI,,,,,,,,,,,,index,7500,field_695756292a2ef,6000,field_695758795b417,1,73,RMI Sewing Machine,on,62,,,,,,,,,,61,,,,,,,,,,,,,,,,,,,,,,,,,,,,,,,,,,,,,,,,,,,,,,,,,,,,
549,simple,KT549HM,,JUKI Industrial Sewing Machine (TA-1),1,0,visible,"JUKI Industrial Sewing Machine buy for professional stitching. High-speed, durable, Japanese-quality machine ideal for tailoring, boutique, and garment manufacturing.","The JUKI industrial sewing machine is engineered for high-speed, precision stitching, making it perfect for tailoring shops, garment units, boutiques, and professional sewing work. Known worldwide for their durability, Japanese technology reliability, and smooth performance, JUKI machines deliver consistent stitch quality even during long hours of continuous operation.\n\nThis machine is ideal for stitching a variety of fabrics, from light to heavy materials, offering stable performance, low vibration, and long-term durability. Whether you're upgrading your tailoring setup or looking for a dependable industrial machine, JUKI is a trusted choice for professionals.\n<h4><strong>Key Features of JUKI Industrial Sewing Machine</strong></h4>\n<ul>\n 	<li>High-Speed Industrial Stitching – Supports fast and smooth operation for bulk production.</li>\n 	<li>Japanese Technology – Renowned worldwide for accuracy and long-lasting performance.</li>\n 	<li>Heavy-Duty Body – Built with strong materials for stability and long service life.</li>\n 	<li>Low Noise &amp; Vibration – Ensures smoother working even during long hours.</li>\n 	<li>Consistent Stitch Quality – Ideal for commercial tailoring and garment industries.</li>\n 	<li>Suitable for Multiple Fabrics—Works on light, medium, and heavy materials.</li>\n 	<li>Energy Efficient Motor – Designed for lower power consumption and maximum output.</li>\n 	<li>Perfect for Tailoring Shops, Boutiques &amp; Industrial Use</li>\n 	<li>Brand - <a href=""https://jukiindia.com/"" target=""_blank"" rel=""nofollow noopener noindex"">JUKI India</a></li>\n 	<li>Availability - In Stock</li>\n</ul>\n<h4><strong>Related Categories:</strong></h4>\n<ul>\n 	<li><a title=""Embroidery Sewing Machines"" href=""https://kingtailors.co.in/sewing-machines-category/embroidery-machines/"">Embroidery Sewing Machines</a></li>\n 	<li><a title=""Heavy Duty Sewing Machines"" href=""https://kingtailors.co.in/sewing-machines-category/heavy-duty-machines/"">Heavy Duty Sewing Machines</a></li>\n 	<li><a title=""Industrial Sewing Machines"" href=""https://kingtailors.co.in/sewing-machines-category/industrial-machines/"">Industrial Sewing Machines</a></li>\n 	<li><a title=""Manual or Hand Operated Sewing Machines"" href=""https://kingtailors.co.in/sewing-machines-category/manual-machines/"">Manual/Hand Operated Sewing Machines</a></li>\n 	<li><a title=""Overlock Sewing Machines"" href=""https://kingtailors.co.in/sewing-machines-category/overlock-machines/"">Overlock Sewing Machines</a></li>\n</ul>\nNote: Prices shown are indicative only. Final pricing may vary based on product size, quality, specifications, and customization.",,,taxable,,1,,,0,0,,,,,1,,8500,10999,"Sewing Machines > Heavy Duty Machines, Sewing Machines",,,http://localhost:8080/wordpress/wp-content/uploads/2025/12/juki-ta1-sewing-machine.webp,,,,,,,,,0,,JUKI,,,,,,,,,,,,index,10999,field_695756292a2ef,8500,field_695758795b417,1,68,JUKI Industrial Sewing Machine,on,67,,,,,,,,,,,,,,,,,,,,,,,,,,,,,,,,,,,,,,,,,,,,,,,,,,,,,,,,,,,,,,
552,simple,KT552HM,,Samrat Tower Air Cooler,1,1,visible,"Buy BROTHER 95T10 Sewing Machine for high-speed professional stitching. Durable, smooth, and ideal for tailoring shops and garment units.","The BROTHER 95T10 Sewing Machine is a powerful and reliable straight-stitch machine designed for professional tailoring shops, garment manufacturing units, and boutique production. With its high-speed performance and durable build, the Brother 95T10 ensures smooth, consistent stitching on a wide range of fabrics.\n\nTrusted worldwide for precision, efficiency, and long-term stability, this machine is ideal for daily heavy use. Whether you’re handling light garments or medium-weight fabrics, the BROTHER 95T10 sewing machine delivers outstanding stitch quality with low noise and minimal vibration.\n<h4>Key Features of Brother 95T10 Sewing Machine</h4>\n<ul>\n 	<li>High-Speed Industrial Sewing – Ideal for bulk garment production and continuous operation.</li>\n 	<li>Straight Stitch Technology – Ensures clean, accurate, and uniform stitches.</li>\n 	<li>Durable Heavy-Duty Body – Built to withstand long-term industrial usage.</li>\n 	<li>Smooth &amp; Low Noise Operation – Designed for comfortable daily use in tailoring shops.</li>\n 	<li>Compatible with Light to Medium Fabrics</li>\n 	<li>Reliable Brother Engineering – Known for precision and long-lasting performance.</li>\n 	<li>Ideal for Tailoring Shops, Boutiques &amp; Garment Units</li>\n 	<li>Energy-Efficient Motor (if included)</li>\n 	<li>Brand - <a href=""https://www.brother.in/en/sewing-machines"" target=""_blank"" rel=""nofollow noopener noindex"">BROTHER Sewing Machines</a></li>\n 	<li>Availability - In Stock</li>\n</ul>\n<h4><strong>Related Categories:</strong></h4>\n<ul>\n 	<li><a title=""Embroidery Sewing Machines"" href=""https://kingtailors.co.in/sewing-machines-category/embroidery-machines/"">Embroidery Sewing Machines</a></li>\n 	<li><a title=""Heavy Duty Sewing Machines"" href=""https://kingtailors.co.in/sewing-machines-category/heavy-duty-machines/"">Heavy Duty Sewing Machines</a></li>\n 	<li><a title=""Industrial Sewing Machines"" href=""https://kingtailors.co.in/sewing-machines-category/industrial-machines/"">Industrial Sewing Machines</a></li>\n 	<li><a title=""Manual or Hand Operated Sewing Machines"" href=""https://kingtailors.co.in/sewing-machines-category/manual-machines/"">Manual/Hand Operated Sewing Machines</a></li>\n 	<li><a title=""Overlock Sewing Machines"" href=""https://kingtailors.co.in/sewing-machines-category/overlock-machines/"">Overlock Sewing Machines</a></li>\n</ul>\nNote: Prices shown are indicative only. Final pricing may vary based on product size, quality, specifications, and customization.",,,taxable,,1,,,0,0,,,,,0,,9500,10999,"Sewing Machines > Heavy Duty Machines, Sewing Machines",,,http://localhost:8080/wordpress/wp-content/uploads/2025/12/brother-95t10-sewing-machine.webp,,,,,,,,,0,,Brother,,,,,,,,,,,,index,10999,field_695756292a2ef,9500,field_695758795b417,1,70,BROTHER 95T10 Sewing Machine,on,66,,,,,,,,,,,,,,,,,,,,,,,,,,,,,,,,,,,,,,,,,,,,,,,,,,,,,,,,,,,,,,
555,simple,KT555HM,,ARUN Sewing Machine (TA-1),1,0,visible,"ARUN Heavy Duty Sewing Machine Full Shuttle TA-1 Umbrella Model with heavy-duty full shuttle mechanism. Perfect for home tailoring, boutiques, and daily stitching. Durable, smooth, and easy to operate.","ARUN Heavy Duty Sewing Machine  (TA-1) Full Shuttle is a strong, reliable, and easy-to-use stitching machine designed for everyday tailoring needs. Built with durable metal components and a smooth full-shuttle mechanism, the ARUN Heavy Duty Sewing Machine ensures clean and stable stitches on a variety of fabrics.\n\nPerfect for home tailoring, small boutiques, alteration work, and basic garment stitching, this machine delivers long-lasting performance with minimal maintenance. Known for its simplicity, strength, and consistent stitch quality, ARUN is a trusted choice for beginners as well as professional tailors.\n<h4>Key Features of ARUN Heavy Duty Sewing Machine</h4>\n<ul>\n 	<li>Heavy-Duty Full Shuttle Mechanism – Ensures smooth and stable stitch formation</li>\n 	<li>Durable Metal Body—Made for long-term daily use</li>\n 	<li>Easy Operation—Ideal for beginners and home tailoring</li>\n 	<li>Suitable for Multiple Fabrics – Light to medium materials</li>\n 	<li>Low Maintenance – Long-lasting components with minimal servicing</li>\n 	<li>Perfect for Home Tailoring &amp; Small Shops</li>\n 	<li>Strong Build Quality with Reliable Performance</li>\n 	<li>Brand - ARUN</li>\n 	<li>Availability - In Stock</li>\n</ul>\n<h4><strong>Related Categories:</strong></h4>\n<ul>\n 	<li><a title=""Embroidery Sewing Machines"" href=""https://kingtailors.co.in/sewing-machines-category/embroidery-machines/"">Embroidery Sewing Machines</a></li>\n 	<li><a title=""Heavy Duty Sewing Machines"" href=""https://kingtailors.co.in/sewing-machines-category/heavy-duty-machines/"">Heavy Duty Sewing Machines</a></li>\n 	<li><a title=""Industrial Sewing Machines"" href=""https://kingtailors.co.in/sewing-machines-category/industrial-machines/"">Industrial Sewing Machines</a></li>\n 	<li><a title=""Manual or Hand Operated Sewing Machines"" href=""https://kingtailors.co.in/sewing-machines-category/manual-machines/"">Manual/Hand Operated Sewing Machines</a></li>\n 	<li><a title=""Overlock Sewing Machines"" href=""https://kingtailors.co.in/sewing-machines-category/overlock-machines/"">Overlock Sewing Machines</a></li>\n</ul>\nNote: Prices shown are indicative only. Final pricing may vary based on product size, quality, specifications, and customization.",,,taxable,,1,,,0,0,,,,,1,,7500,9000,"Sewing Machines > Heavy Duty Machines, Sewing Machines",,,http://localhost:8080/wordpress/wp-content/uploads/2025/12/aun-umbrella-ta1-sewing-machine.webp,,,,,,,,,0,,Arun,,,,,,,,,,,,index,9000,field_695756292a2ef,7500,field_695758795b417,1,70,ARUN Heavy Duty Sewing Machine,on,65,,,,,,,,,,,,,,,,,,,,,,,,,,,,,,,,,,,,,,,,,,,,,,,,,,,,,,,,,,,,,,
558,simple,KT558HM,,ARUN 95T10 Sewing Machine,1,0,visible,"Arun 95T10 Sewing Machine: Buy a heavy-duty full shuttle machine ideal for tailoring, boutique work, and home stitching. Durable cast-iron body. In stock.","The ARUN 95T10 sewing machine is a classic, heavy-duty full shuttle sewing machine designed for tailors, boutiques, and home users who require strong and reliable stitching. Built with a durable cast-iron body and smooth mechanical movement, this machine delivers consistent stitch quality on light to medium fabrics.\n\nIts umbrella-type design ensures stability, long life, and effortless operation, making it ideal for beginners as well as professional tailors. Whether you need a machine for everyday garment stitching, blouse stitching, alterations, or boutique work, the ARUN 95T10 is a powerful and dependable choice.\n<h4><strong>Key Features of ARUN 95T10 Sewing Machine</strong></h4>\n<ul>\n 	<li>Heavy-Duty Full Shuttle Mechanism</li>\n 	<li>Strong Cast-Iron Body for long-lasting durability</li>\n 	<li>Smooth &amp; Stable Stitching for everyday tailoring</li>\n 	<li>Umbrella Model Design – sturdy, reliable, and easy to operate</li>\n 	<li>Suitable for Light to Medium Fabrics</li>\n 	<li>Perfect for Home Tailoring, Alterations, and Boutique Use</li>\n 	<li>Easy Maintenance &amp; Long Service Life</li>\n 	<li>Beginner-Friendly Operation</li>\n 	<li>Brand - ARUN</li>\n 	<li>Availability - In Stock</li>\n</ul>\n<h4><strong>Related Categories:</strong></h4>\n<ul>\n 	<li><a title=""Embroidery Sewing Machines"" href=""https://kingtailors.co.in/sewing-machines-category/embroidery-machines/"">Embroidery Sewing Machines</a></li>\n 	<li><a title=""Heavy Duty Sewing Machines"" href=""https://kingtailors.co.in/sewing-machines-category/heavy-duty-machines/"">Heavy Duty Sewing Machines</a></li>\n 	<li><a title=""Industrial Sewing Machines"" href=""https://kingtailors.co.in/sewing-machines-category/industrial-machines/"">Industrial Sewing Machines</a></li>\n 	<li><a title=""Manual or Hand Operated Sewing Machines"" href=""https://kingtailors.co.in/sewing-machines-category/manual-machines/"">Manual/Hand Operated Sewing Machines</a></li>\n 	<li><a title=""Overlock Sewing Machines"" href=""https://kingtailors.co.in/sewing-machines-category/overlock-machines/"">Overlock Sewing Machines</a></li>\n</ul>\nNote: Prices shown are indicative only. Final pricing may vary based on product size, quality, specifications, and customization.",,,taxable,,1,,,0,0,,,,,0,,9000,10999,"Sewing Machines > Heavy Duty Machines, Sewing Machines",,,http://localhost:8080/wordpress/wp-content/uploads/2025/12/arun-95t10-sewing-machine.webp,,,,,,,,,0,,Arun,,,,,,,,,,,,index,10999,field_695756292a2ef,9000,field_695758795b417,1,74,ARUN 95T10 Sewing Machine,on,64,,,,,,,,,,,,,,,,,,,,,,,,,,,,,,,,,,,,,,,,,,,,,,,,,,,,,,,,,,,,,,
562,simple,KT562ES,,SONY Embroidery Sewing Machine,1,0,visible,"Sony Embroidery Sewing Machine buy for decorative stitching and tailoring. Durable, versatile, and beginner-friendly. In stock now.","The SONY <a href=""https://en.wikipedia.org/wiki/Machine_embroidery"" target=""_blank"" rel=""nofollow noopener index"">embroidery sewing machine</a> is a versatile and high-performance stitching machine designed for both home and professional use. Perfect for creative tailoring, decorative stitching, and garment finishing, this machine combines the reliability of Sony engineering with the flexibility of zig-zag and embroidery stitches. With its smooth operation, strong needle penetration, and durable metal construction, the Sony machine handles light to medium-weight fabrics effortlessly.\n\nThe SONY embroidery sewing machine is ideal for creating decorative patterns, embroidery designs, and reinforced stitches on blouses, dresses, uniforms, and home textiles. This machine is easy to operate, low maintenance, and delivers consistent stitch quality, making it a trusted choice for beginners, tailoring shops, and boutique embroidery work.\n<h4><strong>Key Features of the SONY Embroidery Sewing Machine</strong></h4>\n<ul>\n 	<li>Zig-Zag &amp; Embroidery Stitches—Perfect for decorative stitching and creative tailoring</li>\n 	<li>Heavy-Duty Metal Body – Ensures durability and long-lasting performance</li>\n 	<li>Smooth Operation—Low vibration and consistent stitch output</li>\n 	<li>Multi-Fabric Compatibility—Works efficiently on cotton, silk, synthetics, and light- to medium-weight fabrics</li>\n 	<li>Beginner-Friendly Design – Easy threading, simple stitch selection, and adjustable tension</li>\n 	<li>Ideal for Tailoring Shops &amp; Boutique Work – Blouses, dresses, uniforms, and decorative embroidery</li>\n 	<li>Low Maintenance – Reliable mechanical components for long-term use</li>\n 	<li>Availability – In Stock</li>\n</ul>\n<h4><strong>Related Categories:</strong></h4>\n<ul>\n 	<li><a title=""Embroidery Sewing Machines"" href=""https://kingtailors.co.in/sewing-machines-category/embroidery-machines/"">Embroidery Sewing Machines</a></li>\n 	<li><a title=""Heavy Duty Sewing Machines"" href=""https://kingtailors.co.in/sewing-machines-category/heavy-duty-machines/"">Heavy-Duty Sewing Machines</a></li>\n 	<li><a title=""Industrial Sewing Machines"" href=""https://kingtailors.co.in/sewing-machines-category/industrial-machines/"">Industrial Sewing Machines</a></li>\n 	<li><a title=""Manual or Hand Operated Sewing Machines"" href=""https://kingtailors.co.in/sewing-machines-category/manual-machines/"">Manual/Hand-Operated Sewing Machines</a></li>\n 	<li><a title=""Overlock Sewing Machines"" href=""https://kingtailors.co.in/sewing-machines-category/overlock-machines/"">Overlock Sewing Machines</a></li>\n</ul>\nNote: Prices shown are indicative only. Final pricing may vary based on product size, quality, specifications, and customization.",,,taxable,,1,,,0,0,,,,,1,,9000,10999,"Sewing Machines > Embroidery Machines, Sewing Machines",,,http://localhost:8080/wordpress/wp-content/uploads/2025/12/sony-zig-zag-sewing-machine.webp,,,,,,,,,0,,SONY,,,,,,,,,,,,index,10999,field_695756292a2ef,9000,field_695758795b417,1,70,Sony Embroidery Sewing Machine,on,61,,,,,,,,,,60,https://kingtailors.co.in/?p=2871,,,,,,,,,,,,,,,,,,,,,,,,,,,,,,,,,,,,,,,,,,,,,,,,,,,
565,simple,KT565ES,,HIROZE Embroidery Sewing Machine,1,0,visible,"Hiroze Embroidery Sewing Machine – Heavy-duty stitching machine for decorative embroidery and tailoring. Smooth, durable, and easy to use. In stock.","The Hiroze <a href=""https://en.wikipedia.org/wiki/Machine_embroidery"" target=""_blank"" rel=""nofollow noopener noindex"">Embroidery Sewing Machine</a> is a versatile and durable machine designed for professional tailors, boutique owners, and home sewing enthusiasts. It combines zig-zag stitching with decorative embroidery capabilities, allowing you to create precise patterns, reinforced seams, and creative designs on a wide range of fabrics. With its high-quality metal construction and smooth operation, the Hiroze machine ensures consistent stitch quality, low vibration, and long-lasting performance. Ideal for light to medium-weight fabrics, this machine is perfect for blouse stitching, dressmaking, uniforms, quilts, and decorative embroidery projects. Designed to be user-friendly and low-maintenance, the Hiroze Embroidery Sewing Machine delivers professional results for both beginners and experienced tailors.\n<h4><strong>Key Features of the Hiroze Embroidery Sewing Machine</strong></h4>\n<ul>\n 	<li>Zig-Zag &amp; Decorative Stitches—Perfect for embroidery, tailoring, and reinforced seams</li>\n 	<li>Heavy-Duty Metal Body – Durable and built for long-term usage</li>\n 	<li>Smooth &amp; Stable Operation – Low vibration with consistent stitch quality</li>\n 	<li>Multi-Fabric Compatibility – Works on cotton, silk, synthetics, and medium fabrics</li>\n 	<li>Beginner-Friendly Design – Easy threading, stitch selection, and adjustable tension</li>\n 	<li>Ideal for Tailoring Shops &amp; Home Use – Blouses, dresses, quilts, and uniforms</li>\n 	<li>Low Maintenance—Reliable mechanical parts ensure long life</li>\n 	<li>Brand - HIROZE India</li>\n 	<li>Availability – In Stock</li>\n</ul>\n<h4><strong>Related Categories:</strong></h4>\n<ul>\n 	<li><a title=""Embroidery Sewing Machines"" href=""https://kingtailors.co.in/sewing-machines-category/embroidery-machines/"">Embroidery Sewing Machines</a></li>\n 	<li><a title=""Heavy Duty Sewing Machines"" href=""https://kingtailors.co.in/sewing-machines-category/heavy-duty-machines/"">Heavy-Duty Sewing Machines</a></li>\n 	<li><a title=""Industrial Sewing Machines"" href=""https://kingtailors.co.in/sewing-machines-category/industrial-machines/"">Industrial Sewing Machines</a></li>\n 	<li><a title=""Manual or Hand Operated Sewing Machines"" href=""https://kingtailors.co.in/sewing-machines-category/manual-machines/"">Manual/Hand-Operated Sewing Machines</a></li>\n 	<li><a title=""Overlock Sewing Machines"" href=""https://kingtailors.co.in/sewing-machines-category/overlock-machines/"">Overlock Sewing Machines</a></li>\n</ul>\nNote: Prices shown are indicative only. Final pricing may vary based on product size, quality, specifications, and customization.",,,taxable,,1,,,0,0,,,,,0,,9500,10999,"Sewing Machines > Embroidery Machines, Sewing Machines",,,http://localhost:8080/wordpress/wp-content/uploads/2025/12/hiroze-zig-zag-sewing-machine.webp,,,,,,,,,0,,Hiroze,,,,,,,,,,,,index,10999,field_695756292a2ef,9500,field_695758795b417,1,70,Hirose Embroidery Sewing Machine,on,60,,,,,,,,,,60,https://kingtailors.co.in/?p=2870,,,,,,,,,,,,,,,,,,,,,,,,,,,,,,,,,,,,,,,,,,,,,,,,,,,
568,simple,KT568ES,,JUKI Embroidery Sewing Machine,1,0,visible,"JUKI Embroidery Sewing Machine buy for professional stitching and decorative embroidery. High-speed, durable, and easy to operate. In stock.","<p>The JUKI <a href=""https://en.wikipedia.org/wiki/Embroidery"" target=""_blank"" rel=""noreferer noopener"">Embroidery Sewing Machine</a> is a premium high-speed stitching machine designed for professional tailors, boutique owners, and home sewing enthusiasts. Combining zig-zag stitching with decorative embroidery functions, this machine allows you to create precise patterns, reinforced seams, and creative designs on a variety of fabrics. With its industrial-grade build quality and smooth operation, the JUKI machine ensures consistent stitch quality, low vibration, and reliable long-term performance. Ideal for light to medium-weight fabrics, it is perfect for stitching blouses, dresses, uniforms, quilts, and detailed embroidery work. User-friendly, durable, and low-maintenance, the JUKI embroidery sewing machine provides professional results for both beginners and experienced tailors.</p>\n<h4><strong>Key Features of Juki Embroidery Sewing Machine</strong></h4>\n<ul>\n<li>Zig-Zag and Decorative Stitches – Ideal for embroidery, tailored seams, and creative designs</li>\n<li>High-Speed Operation—Perfect for professional tailoring and bulk production</li>\n<li>Durable Industrial-Grade Body – Long-lasting, stable, and low-vibration performance</li>\n<li>Multi-Fabric Compatibility—Works efficiently on cotton, silk, synthetics, and medium-weight fabrics</li>\n<li>Beginner-Friendly Design – Easy threading, stitch selection, and adjustable tension</li>\n<li>Perfect for Tailoring Shops &amp; Home Use – Blouses, dresses, uniforms, quilts, and embroidery</li>\n<li>Low Maintenance – Reliable mechanical parts for long-term use</li>\n<li>Brand: <a href=""https://jukiindia.com/"" target=""_blank"" rel=""noreferer noopener"">JUKI India</a></li>\n<li>Availability – In Stock</li>\n</ul>\n<h4><strong>Related Categories:</strong></h4>\n<ul>\n<li><a title=""Embroidery Sewing Machines"" href=""https://kingtailors.co.in/sewing-machines-category/embroidery-machines/"">Embroidery Sewing Machines</a></li>\n<li><a title=""Heavy Duty Sewing Machines"" href=""https://kingtailors.co.in/sewing-machines-category/heavy-duty-machines/"">Heavy-Duty Sewing Machines</a></li>\n<li><a title=""Industrial Sewing Machines"" href=""https://kingtailors.co.in/sewing-machines-category/industrial-machines/"">Industrial Sewing Machines</a></li>\n<li><a title=""Manual or Hand Operated Sewing Machines"" href=""https://kingtailors.co.in/sewing-machines-category/manual-machines/"">Manual/Hand Operated Sewing Machines</a></li>\n<li><a title=""Overlock Sewing Machines"" href=""https://kingtailors.co.in/sewing-machines-category/overlock-machines/"">Overlock Sewing Machines</a></li>\n</ul>\n<p>Note: Prices shown are indicative only. Final pricing may vary based on product size, quality, specifications, and customization.</p>\n<!-- wp:paragraph -->\n<p>&nbsp;</p>\n<!-- /wp:paragraph -->",,,taxable,,1,,,0,0,,,,,1,,9000,10999,"Sewing Machines > Embroidery Machines, Sewing Machines",,,http://localhost:8080/wordpress/wp-content/uploads/2025/12/juki-zig-zag-sewing-machine.webp,,,,,,,,,0,,JUKI,,,,,,,,,,,,index,10999,field_695756292a2ef,9000,field_695758795b417,1,70,JUKI Embroidery Sewing Machine,on,59,,,,,,,,,,,https://kingtailors.co.in/?p=2869,,,,,,,,,,,,,,,,,,,,,,,,,,,,,,,,,,,,,,,,,,,,,,,,,,,
571,simple,KT571HM,,HIROZE 95T10 Sewing Machine,1,0,visible,"Hiroze Sewing Machine, buy Hiroze 95T10 Sewing Machine, Heavy-duty full shuttle model ideal for home tailors and boutiques. Strong, durable, and smooth stitching. In stock.","<p>The Hiroze 95T10 Sewing Machine is a strong, reliable, and smooth-running tailoring machine designed for home use, boutique stitching, and professional tailoring. Built with a heavy-duty cast-iron body and a full shuttle mechanism, this machine delivers stable, clean, and consistent stitches on light to medium fabrics. Ideal for blouse stitching, alterations, dressmaking, uniform tailoring, and general garment stitching, the Hiroze 95T10 is known for its long-lasting durability and easy operation. Whether you're a beginner or an experienced tailor, this machine ensures effortless performance with minimal maintenance.</p>\n<h4><strong>Key Features of the Hiroze 95T10 Sewing Machine</strong></h4>\n<ul>\n<li>Heavy-Duty Full Shuttle Mechanism – Ensures smooth, stable stitch formation</li>\n<li>Durable Cast-Iron Body – Built to last for everyday tailoring use</li>\n<li>Consistent Stitch Quality – Perfect for professional tailoring and home use</li>\n<li>Multi-Fabric Compatibility—Works well on light to medium materials</li>\n<li>Beginner-Friendly Design – Easy threading, smooth hand operation, simple adjustments</li>\n<li>Ideal for Tailors, Boutiques &amp; Home Stitching</li>\n<li>Low Maintenance &amp; Long Service Life</li>\n<li>Brand: <a href=""https://www.hirosemfg.co.jp/en/"" target=""_blank"" rel=""noopener noreferer"">HIROZE JP</a></li>\n<li>Availability – In Stock</li>\n</ul>\n<h4><strong>Related Categories:</strong></h4>\n<ul>\n<li><a title=""Embroidery Sewing Machines"" href=""https://kingtailors.co.in/sewing-machines-category/embroidery-machines/"">Embroidery Sewing Machines</a></li>\n<li><a title=""Heavy Duty Sewing Machines"" href=""https://kingtailors.co.in/sewing-machines-category/heavy-duty-machines/"">Heavy-Duty Sewing Machines</a></li>\n<li><a title=""Industrial Sewing Machines"" href=""https://kingtailors.co.in/sewing-machines-category/industrial-machines/"">Industrial Sewing Machines</a></li>\n<li><a title=""Manual or Hand Operated Sewing Machines"" href=""https://kingtailors.co.in/sewing-machines-category/manual-machines/"">Manual/Hand Operated Sewing Machines</a></li>\n<li><a title=""Overlock Sewing Machines"" href=""https://kingtailors.co.in/sewing-machines-category/overlock-machines/"">Overlock Sewing Machines</a></li>\n</ul>\n<p>Note: Prices shown are indicative only. Final pricing may vary based on product size, quality, specifications, and customization.</p>\n<!-- wp:paragraph -->\n<p>&nbsp;</p>\n<!-- /wp:paragraph -->",,,taxable,,1,,,0,0,,,,,1,,9500,10999,"Sewing Machines > Heavy Duty Machines, Sewing Machines",,,http://localhost:8080/wordpress/wp-content/uploads/2025/12/hirose-sewing-machine.webp,,,,,,,,,0,,Hiroze,,,,,,,,,,,,index,10999,field_695756292a2ef,9500,field_695758795b417,1,70,Hiroze 95T10 Sewing Machine,on,58,,,,,,,,,,,https://kingtailors.co.in/?p=2868,,,,,,,,,,,,,,,,,,,,,,,,,,,,,,,,,,,,,,,,,,,,,,,,,,,
593,simple,KT593MM,,Hand Operated Sewing Machine,1,1,visible,"Manual / Hand Operated Sewing Machine buy for home stitching and tailoring. Strong, durable, and beginner-friendly with full shuttle mechanism. In stock and ready to use.","A hand operated <a href=""https://en.wikipedia.org/wiki/Sewing_machine"" target=""_blank"" rel=""noopener noreferer"">sewing machine</a> is a classic and durable manual tailoring machine designed for home users, beginners, and small tailoring shops. Known for its smooth mechanical operation, stable stitch quality, and strong full-shuttle mechanism, this Usha model is perfect for everyday garment stitching, alterations, fall–pico, blouse work, and basic sewing tasks. Built with a robust cast-iron body, this machine offers long-lasting performance with very low maintenance. Its easy handwheel operation, simple threading system, and lightweight design make it suitable for all age groups—ideal for learning sewing, home tailoring, and small boutiques. Whether you're stitching cotton, silk, or lightweight fabrics, the hand operated sewing machine delivers precise and neat stitches every time.\n<h4><strong>Key Features of the Hand Operated Sewing Machine</strong></h4>\n<ul>\n 	<li>Full / Half Shuttle Mechanism for smooth and consistent stitch formation</li>\n 	<li>Durable Cast-Iron Body—long-lasting and reliable</li>\n 	<li>Easy Hand Operation—beginner-friendly and hassle-free</li>\n 	<li>Suitable for Light &amp; Medium Fabrics</li>\n 	<li>Perfect for Home Tailoring &amp; Small Boutiques</li>\n 	<li>Low Maintenance Design</li>\n 	<li>Portable &amp; Lightweight</li>\n 	<li>Classic Build Quality</li>\n 	<li>Availability: In Stock</li>\n</ul>\n<h4><strong>Related Categories:</strong></h4>\n<ul>\n 	<li><a title=""Embroidery Sewing Machines"" href=""https://kingtailors.co.in/sewing-machines-category/embroidery-machines/"">Embroidery Sewing Machines</a></li>\n 	<li><a title=""Heavy Duty Sewing Machines"" href=""https://kingtailors.co.in/sewing-machines-category/heavy-duty-machines/"">Heavy-Duty Sewing Machines</a></li>\n 	<li><a title=""Industrial Sewing Machines"" href=""https://kingtailors.co.in/sewing-machines-category/industrial-machines/"">Industrial Sewing Machines</a></li>\n 	<li><a title=""Manual or Hand Operated Sewing Machines"" href=""https://kingtailors.co.in/sewing-machines-category/manual-machines/"">Manual/Hand Operated Sewing Machines</a></li>\n 	<li><a title=""Overlock Sewing Machines"" href=""https://kingtailors.co.in/sewing-machines-category/overlock-machines/"">Overlock Sewing Machines</a></li>\n</ul>\nNote: Prices shown are indicative only. Final pricing may vary based on product size, quality, specifications, and customization.",,,taxable,,1,,,0,0,,,,,0,,4200,6500,"Sewing Machines > Manual Machines, Sewing Machines",,,http://localhost:8080/wordpress/wp-content/uploads/2025/12/usha-manual-sewing-machine.webp,,,,,,,,,0,,Arun,,,,,,,,,,,,index,7500,field_695756292a2ef,4200,field_695758795b417,1,70,Hand Operated Sewing Machine,on,55,,,,,,,,,,,https://kingtailors.co.in/?p=2867,,,,,,,,,,,,,,,,,,,,,,,,,,,,,,,,,,,,,,,,,,,,,,,,,,,
602,simple,KT602AC,,Samrat Tower Air Cooler,1,0,visible,"Buy Samrat Tower Air Cooler for fast cooling. Slim tower design, powerful air delivery, low power consumption, and long-lasting performance. In stock.","Samrat Tower Air Cooler is a stylish, space-saving, and powerful air cooler designed for homes, offices, shops, and small commercial spaces. Built with a high-speed motor, large honeycomb cooling pads, and a tall tower design, it delivers strong air throw and fast cooling while fitting easily in compact areas.\n\nIts slim, modern build enhances ventilation in bedrooms, living rooms, cabins, tailoring shops, and workplaces. The low-power-consumption motor ensures efficient cooling with minimal electricity use. The Samrat Tower Air Cooler also includes smooth mobility, easy maintenance, and long operating hours thanks to its large water tank.\n\nIf you need a cooler that is powerful, stylish, and perfect for small-to-medium rooms, the Samrat Tower Cooler is an excellent choice.\n<h4>Key Features of Samrat Tower Air Cooler</h4>\n<ul>\n 	<li>High Air Delivery Motor—Strong airflow for fast room cooling</li>\n 	<li>Slim Tower Design—Space-saving and modern look</li>\n 	<li>Large Honeycomb Cooling Pads – Superior cooling performance</li>\n 	<li>Perfect for Homes, Shops &amp; Offices</li>\n 	<li>Low Power Consumption – Efficient and cost-effective</li>\n 	<li>Large Water Tank Capacity—Longer cooling without frequent refills</li>\n 	<li>Lightweight &amp; Easy to Move</li>\n 	<li>Quiet Operation</li>\n 	<li>Durable Body &amp; Easy Maintenance</li>\n 	<li>Availability – In Stock</li>\n</ul>\nAir coolers work using the principle of <a title=""Evaporative Cooling Technology"" href=""https://en.wikipedia.org/wiki/Evaporative_cooler"" target=""_blank"" rel=""nofollow noopener noindex"">evaporative cooling technology</a>, which naturally cools air while using significantly less electricity than traditional air conditioning systems.\n\nFor users who need cooling solutions for different room sizes, explore our range of<a href=""https://kingtailors.co.in/air-coolers-category/personal-coolers/""> energy-efficient personal air coolers</a>,<a href=""https://kingtailors.co.in/air-coolers-category/tower-coolers/""> modern tower air coolers</a>, and<a href=""https://kingtailors.co.in/air-coolers-category/portable/""> portable mini air coolers</a>.\n\n<strong>Related Cooler Categories:</strong>\n<ul>\n 	<li><a title=""High Performance Desert Air Coolers for Large Rooms"" href=""https://kingtailors.co.in/air-coolers-category/desert-coolers/"">High-Performance Desert Air Coolers for Large Rooms</a></li>\n 	<li><a title=""Heavy Duty Industrial Air Coolers for Workshops and Factories"" href=""https://kingtailors.co.in/air-coolers-category/industrial-coolers/"">Heavy Duty Industrial Air Coolers for Workshops and Factories</a></li>\n 	<li><a title=""Energy Efficient Personal Air Coolers for Home and Office"" href=""https://kingtailors.co.in/air-coolers-category/personal-coolers/"">Energy-Efficient Personal Air Coolers for Home and Office</a></li>\n 	<li><a title=""Portable and Mini Air Coolers for Small Rooms and Travel"" href=""https://kingtailors.co.in/air-coolers-category/portable-coolers/"">Portable and Mini Air Coolers for Small Rooms and Travel</a></li>\n 	<li><a title=""Slim Tower Air Coolers with Modern Space-Saving Design"" href=""https://kingtailors.co.in/air-coolers-category/tower-coolers/"">Slim Tower Air Coolers with Modern Space-Saving Design</a></li>\n</ul>",,,taxable,,1,,,0,0,,,,,1,,3600,5999,"Air Coolers, Air Coolers > Tower Air Coolers",,,http://localhost:8080/wordpress/wp-content/uploads/2025/12/samrat-tower-air-cooler.webp,,,,,,,,,0,,Anand Coolers,,,,,,,,,,,,index,5000,field_69575b54369ce,3600,field_69575b543a4d7,1,73,Samrat Tower Air Cooler,on,49,,,,,,,,,,,,,,,,,,,,,,,,,,,,,,,,,,,,,,,,,,,,,,,,,,,,,,,,,,,,,,
604,simple,KT604AC,,BOSS Thunder-75 Tower Air Cooler,1,0,visible,"Stay cool with the BOSS Thunder-75 Tower Air Cooler, designed for powerful air delivery, low electricity consumption, and efficient room cooling. Ideal for homes, shops, offices, and small halls, this cooler ensures consistent airflow, quiet performance, and high durability.","The BOSS Thunder-75 Tower Air Cooler is engineered for superior cooling performance with its powerful air-delivery system and energy-efficient design. Built to keep your surroundings comfortable even during peak summer heat, this room cooler is perfect for bedrooms, living rooms, offices, shops, and small commercial spaces.\n\nEquipped with a high-performance motor, durable fan blades, and a large water tank, the BOSS Cooler ensures long hours of uninterrupted cooling. Its lightweight and portable design allows easy movement, while the strong airflow makes it ideal for both dry and humid climates. Designed with low noise and minimal power consumption, this cooler offers maximum comfort without increasing your electricity bill.\n\nWhether you're searching for a budget-friendly room cooler, high-airflow personal cooler, or a durable summer cooling solution, the BOSS Thunder-75 Tower Air Cooler is a reliable and long-lasting choice.\n<h4>Key Features of BOSS Thunder-75 Tower Air Cooler</h4>\n<ul>\n 	<li>Powerful air delivery for fast and consistent cooling</li>\n 	<li>Energy-efficient motor for reduced electricity consumption</li>\n 	<li>Large water tank for extended cooling hours</li>\n 	<li>Lightweight, portable, &amp; easy to move</li>\n 	<li>Durable body with long-lasting build quality</li>\n 	<li>Ideal for homes, offices, shops, and small commercial spaces</li>\n 	<li>Low-noise cooling technology</li>\n</ul>\nAir coolers work using the principle of <a title=""Evaporative Cooling Technology"" href=""https://en.wikipedia.org/wiki/Evaporative_cooler"" target=""_blank"" rel=""nofollow noopener noindex"">evaporative cooling technology</a>, which naturally cools air while using significantly less electricity than traditional air conditioning systems.\n\nFor users who need cooling solutions for different room sizes, explore our range of<a href=""https://kingtailors.co.in/air-coolers-category/personal-coolers/""> energy-efficient personal air coolers</a>,<a href=""https://kingtailors.co.in/air-coolers-category/tower-coolers/""> modern tower air coolers</a>, and<a href=""https://kingtailors.co.in/air-coolers-category/portable/""> portable mini air coolers</a>.\n<h4>Related Cooler Categories:</h4>\n<ul>\n 	<li><a title=""High Performance Desert Air Coolers for Large Rooms"" href=""https://kingtailors.co.in/air-coolers-category/desert-coolers/"">High-Performance Desert Air Coolers for Large Rooms</a></li>\n 	<li><a title=""Heavy Duty Industrial Air Coolers for Workshops and Factories"" href=""https://kingtailors.co.in/air-coolers-category/industrial-coolers/"">Heavy Duty Industrial Air Coolers for Workshops and Factories</a></li>\n 	<li><a title=""Energy Efficient Personal Air Coolers for Home and Office"" href=""https://kingtailors.co.in/air-coolers-category/personal-coolers/"">Energy-Efficient Personal Air Coolers for Home and Office</a></li>\n 	<li><a title=""Portable and Mini Air Coolers for Small Rooms and Travel"" href=""https://kingtailors.co.in/air-coolers-category/portable-coolers/"">Portable and Mini Air Coolers for Small Rooms and Travel</a></li>\n 	<li><a title=""Slim Tower Air Coolers with Modern Space-Saving Design"" href=""https://kingtailors.co.in/air-coolers-category/tower-coolers/"">Slim Tower Air Coolers with Modern Space-Saving Design</a></li>\n</ul>",,,taxable,,1,,,0,0,,,,,0,,3600,5999,"Air Coolers, Air Coolers > Personal Air Coolers",,,http://localhost:8080/wordpress/wp-content/uploads/2025/12/boss-thunder-75-tower-air-cooler.webp,,,,,,,,,0,,Boss Coolers,,,,,,,,,,,,index,5999,field_69575b54369ce,3600,field_69575b543a4d7,1,70,BOSS Thunder-75 Tower Air Cooler,on,46,,,,,,,,,,,,,,,,,,,,,,,,,,,,,,,,,,,,,,,,,,,,,,,,,,,,,,,,,,,,,,
606,simple,KT606AC,,Anand X-Cool Air Cooler,1,1,visible,"Anand X-Cool Air Cooler delivers powerful airflow, faster cooling, and long-lasting performance with its large water tank and energy-efficient motor.","Beat the heat with the Anand X-Cool Air Cooler, designed to provide superior cooling performance even in extreme summer temperatures. This cooler features a high-speed air delivery system, large cooling pads, and a big water tank, ensuring uninterrupted cooling for long hours. Its strong and durable body makes it ideal for both home and commercial use.\n\nThe Anand X-Cool is engineered with an energy-efficient motor that reduces electricity consumption while delivering maximum cooling output. Whether you’re looking to cool a bedroom, living room, shop, office, or hall, this air cooler ensures wide airflow coverage and consistent performance.\n\nWith its modern design, smooth wheels for portability, and low-noise operation, the Anand X-Cool Air Cooler is a reliable and efficient cooling solution for the summer season. Perfect for anyone needing a high-air-delivery desert cooler with long-lasting durability.\n<h4>Key Features of Anand X-Cool Air Cooler</h4>\n<ul>\n 	<li>High-performance air delivery for fast cooling</li>\n 	<li>Large water tank for extended cooling hours</li>\n 	<li>Heavy-duty motor with low electricity consumption</li>\n 	<li>Durable and long-lasting cooler body</li>\n 	<li>High-quality cooling pads for better evaporation</li>\n 	<li>Smooth, portable wheels for easy movement</li>\n 	<li>Ideal for homes, shops, offices, and medium to large rooms</li>\n 	<li>Low-noise operation for comfortable use</li>\n</ul>\nAir coolers work using the principle of <a title=""Evaporative Cooling Technology"" href=""https://en.wikipedia.org/wiki/Evaporative_cooler"" target=""_blank"" rel=""nofollow noopener noindex"">evaporative cooling technology</a>, which naturally cools air while using significantly less electricity than traditional air conditioning systems.\n\nFor users who need cooling solutions for different room sizes, explore our range of<a href=""https://kingtailors.co.in/air-coolers-category/personal-coolers/""> energy-efficient personal air coolers</a>,<a href=""https://kingtailors.co.in/air-coolers-category/tower-coolers/""> modern tower air coolers</a>, and<a href=""https://kingtailors.co.in/air-coolers-category/portable/""> portable mini air coolers</a>.\n\n<strong>Related Cooler Categories:</strong>\n<ul>\n 	<li><a title=""High Performance Desert Air Coolers for Large Rooms"" href=""https://kingtailors.co.in/air-coolers-category/desert-coolers/"">High-Performance Desert Air Coolers for Large Rooms</a></li>\n 	<li><a title=""Heavy Duty Industrial Air Coolers for Workshops and Factories"" href=""https://kingtailors.co.in/air-coolers-category/industrial-coolers/"">Heavy Duty Industrial Air Coolers for Workshops and Factories</a></li>\n 	<li><a title=""Energy Efficient Personal Air Coolers for Home and Office"" href=""https://kingtailors.co.in/air-coolers-category/personal-coolers/"">Energy-Efficient Personal Air Coolers for Home and Office</a></li>\n 	<li><a title=""Portable and Mini Air Coolers for Small Rooms and Travel"" href=""https://kingtailors.co.in/air-coolers-category/portable-coolers/"">Portable and Mini Air Coolers for Small Rooms and Travel</a></li>\n 	<li><a title=""Slim Tower Air Coolers with Modern Space-Saving Design"" href=""https://kingtailors.co.in/air-coolers-category/tower-coolers/"">Slim Tower Air Coolers with Modern Space-Saving Design</a></li>\n</ul>",,,taxable,,1,,,0,0,,,,,0,,3000,4999,"Air Coolers, Air Coolers > Portable Air Coolers",,,http://localhost:8080/wordpress/wp-content/uploads/2025/12/x-cool-air-mini-cooler.webp,,,,,,,,,0,,Anand Coolers,,,,,,,,,,,,index,5000,field_69575b54369ce,3000,field_69575b543a4d7,1,73,Anand X-Cool Air Cooler,on,41,,,,,,,,,,,,,,,,,,,,,,,,,,,,,,,,,,,,,,,,,,,,,,,,,,,,,,,,,,,,,,
608,simple,KT608AC,,Anand Gold Star Air Cooler,1,0,visible,"Anand Gold Star Air Cooler is a powerful desert cooler built for fast and efficient cooling. With strong air delivery, a durable body, and a large water tank, it is ideal for homes, shops, and commercial spaces.","Anand Gold Star Air Cooler is built with a robust metal/plastic body (customizable as per your listing), offering long-lasting durability and stable cooling performance. Its energy-efficient motor delivers powerful airflow while keeping electricity consumption low, making it ideal for daily use in homes, offices, shops, workshops, or halls.\n\nExperience exceptional cooling with the Anand Gold-Star Air Cooler, designed for heavy-duty summer performance. Equipped with a high-speed blower, large honeycomb cooling pads, and a big water tank, this cooler ensures hours of uninterrupted cooling—perfect for extreme heat conditions.\n\nWith smooth castor wheels for mobility, a stylish finish, and powerful cooling output, the Anand Gold-Star Air Cooler is a trusted choice for dependable summer comfort.\n<h4>Key Features of Anand Gold Star Air Cooler</h4>\n<ul>\n 	<li>High-performance air delivery for wide room coverage</li>\n 	<li>Large water tank for extended cooling hours</li>\n 	<li>Heavy-duty motor for long-lasting performance</li>\n 	<li>High-quality cooling pads for maximum cooling efficiency</li>\n 	<li>Strong and durable cooler body</li>\n 	<li>Smooth castor wheels for easy movement</li>\n 	<li>Suitable for homes, shops, offices, and commercial spaces</li>\n 	<li>Low-noise and energy-efficient operation</li>\n</ul>\nAir coolers work using the principle of <a title=""Evaporative Cooling Technology"" href=""https://en.wikipedia.org/wiki/Evaporative_cooler"" target=""_blank"" rel=""nofollow noopener noindex"">evaporative cooling technology</a>, which naturally cools air while using significantly less electricity than traditional air conditioning systems.\n\nFor users who need cooling solutions for different room sizes, explore our range of<a href=""https://kingtailors.co.in/air-coolers-category/personal-coolers/""> energy-efficient personal air coolers</a>,<a href=""https://kingtailors.co.in/air-coolers-category/tower-coolers/""> modern tower air coolers</a>, and<a href=""https://kingtailors.co.in/air-coolers-category/portable/""> portable mini air coolers</a>.\n\n<strong>Related Cooler Categories:</strong>\n<ul>\n 	<li><a title=""High Performance Desert Air Coolers for Large Rooms"" href=""https://kingtailors.co.in/air-coolers-category/desert-coolers/"">High-Performance Desert Air Coolers for Large Rooms</a></li>\n 	<li><a title=""Heavy Duty Industrial Air Coolers for Workshops and Factories"" href=""https://kingtailors.co.in/air-coolers-category/industrial-coolers/"">Heavy Duty Industrial Air Coolers for Workshops and Factories</a></li>\n 	<li><a title=""Energy Efficient Personal Air Coolers for Home and Office"" href=""https://kingtailors.co.in/air-coolers-category/personal-coolers/"">Energy-Efficient Personal Air Coolers for Home and Office</a></li>\n 	<li><a title=""Portable and Mini Air Coolers for Small Rooms and Travel"" href=""https://kingtailors.co.in/air-coolers-category/portable-coolers/"">Portable and Mini Air Coolers for Small Rooms and Travel</a></li>\n 	<li><a title=""Slim Tower Air Coolers with Modern Space-Saving Design"" href=""https://kingtailors.co.in/air-coolers-category/tower-coolers/"">Slim Tower Air Coolers with Modern Space-Saving Design</a></li>\n</ul>",,,taxable,,1,,,0,0,,,,,1,,5500,7500,"Air Coolers, Air Coolers > Personal Air Coolers",,,http://localhost:8080/wordpress/wp-content/uploads/2025/12/Anand-Gold-Star-Air-Cooler.webp,,,,,,,,,0,,Anand Coolers,,,,,,,,,,,,index,7500,field_69575b54369ce,5500,field_69575b543a4d7,1,73,Anand Gold Star Air Cooler,on,40,,,,,,,,,,,,,,,,,,,,,,,,,,,,,,,,,,,,,,,,,,,,,,,,,,,,,,,,,,,,,,
610,simple,KT610AC,,Anand Flapee King Air Cooler,1,0,visible,"The Anand Flapee King Air Cooler delivers powerful cooling with its high-speed air throw, large tank, and durable body design. Ideal for homes, shops, offices, and medium to large rooms.","Stay cool even in peak summer with the Anand Flapee King Air Cooler, engineered for superior performance and long-lasting cooling. Designed with a high-airflow motor, expanded cooling pads, and a large water storage system, this cooler ensures deep and consistent cooling for hours.\n\nThe Flapee King features a heavy-duty, long-life motor that consumes less electricity while delivering maximum air throw across the room. Its strong and durable construction makes it suitable for both home and commercial spaces like shops, workshops, offices, and small halls.\n\nWith its efficient cooling technology, easy mobility, premium build, and low noise levels, the Anand Flapee King Air Cooler is a reliable choice for users who want powerful and economical cooling all summer long.\n<h4>Key Features of Anand Flapee King Air Cooler</h4>\n<ul>\n 	<li>High-airflow motor for fast and powerful cooling</li>\n 	<li>Large water tank for extended usage</li>\n 	<li>Wide air throw for bigger room coverage</li>\n 	<li>Heavy-duty, energy-efficient motor</li>\n 	<li>Durable cooler body with long service life</li>\n 	<li>High-quality cooling pads for improved cooling efficiency</li>\n 	<li>Smooth wheels for easy movement</li>\n 	<li>Perfect for homes, offices, shops, and commercial areas</li>\n 	<li>Low-noise operation</li>\n</ul>\nAir coolers work using the principle of <a title=""Evaporative Cooling Technology"" href=""https://en.wikipedia.org/wiki/Evaporative_cooler"" target=""_blank"" rel=""nofollow noopener noindex"">evaporative cooling technology</a>, which naturally cools air while using significantly less electricity than traditional air conditioning systems.\n\nFor users who need cooling solutions for different room sizes, explore our range of<a href=""https://kingtailors.co.in/air-coolers-category/personal-coolers/""> energy-efficient personal air coolers</a>,<a href=""https://kingtailors.co.in/air-coolers-category/tower-coolers/""> modern tower air coolers</a>, and<a href=""https://kingtailors.co.in/air-coolers-category/portable/""> portable mini air coolers</a>.\n\n<strong>Related Cooler Categories:</strong>\n<ul>\n 	<li><a title=""High Performance Desert Air Coolers for Large Rooms"" href=""https://kingtailors.co.in/air-coolers-category/desert-coolers/"">High-Performance Desert Air Coolers for Large Rooms</a></li>\n 	<li><a title=""Heavy Duty Industrial Air Coolers for Workshops and Factories"" href=""https://kingtailors.co.in/air-coolers-category/industrial-coolers/"">Heavy Duty Industrial Air Coolers for Workshops and Factories</a></li>\n 	<li><a title=""Energy Efficient Personal Air Coolers for Home and Office"" href=""https://kingtailors.co.in/air-coolers-category/personal-coolers/"">Energy-Efficient Personal Air Coolers for Home and Office</a></li>\n 	<li><a title=""Portable and Mini Air Coolers for Small Rooms and Travel"" href=""https://kingtailors.co.in/air-coolers-category/portable-coolers/"">Portable and Mini Air Coolers for Small Rooms and Travel</a></li>\n 	<li><a title=""Slim Tower Air Coolers with Modern Space-Saving Design"" href=""https://kingtailors.co.in/air-coolers-category/tower-coolers/"">Slim Tower Air Coolers with Modern Space-Saving Design</a></li>\n</ul>",,,taxable,,1,,,0,0,,,,,1,,7000,8500,"Air Coolers, Air Coolers > Personal Air Coolers",,,http://localhost:8080/wordpress/wp-content/uploads/2025/12/anand-flapee-king-air-cooler.webp,,,,,,,,,0,,Anand Coolers,,,,,,,,,,,,index,8500,field_69575b54369ce,7000,field_69575b543a4d7,1,73,"Anand Flapee King Air Cooler,Anand flapee,flapee air cooler",on,37,,,,,,,,,,,,,,,,,,,,,,,,,,,,,,,,,,,,,,,,,,,,,,,,,,,,,,,,,,,,,,
612,simple,KT612AC,,Anand Jeo Tower Air Cooler,1,0,visible,"Anand Jeo Tower Air Cooler is a stylish and compact tower-style cooler offering powerful airflow, fast cooling, and low power consumption—perfect for homes, bedrooms, offices, and small to medium-sized rooms.","Anand Jeo Tower Air Cooler offers summer comfort with the sleek and powerful cooling solution. Designed for modern homes and offices, this tower cooler provides high air delivery, efficient cooling, and whisper-quiet performance in a compact vertical design that fits easily in any space.\n\nThe Anand Jeo Tower Cooler features advanced cooling pads, a high-speed blower, and an energy-efficient motor, ensuring refreshing air circulation even during peak heat. Its tall, slim build allows a wider air throw while occupying very little floor space.\n\nPerfect for bedrooms, living rooms, shops, offices, and study areas, the Anand Jeo Tower Air Cooler combines aesthetics, performance, and convenience. With its lightweight construction, smooth castor wheels, and large tank capacity, it offers long-lasting cooling with minimal noise and low power usage.\n<h4>Key Features of Anand Jeo Tower Air Cooler</h4>\n<ul>\n 	<li>Stylish Tower Design with space-saving profile</li>\n 	<li>High-speed blower for strong airflow</li>\n 	<li>Efficient cooling pads for fast cooling</li>\n 	<li>Energy-efficient motor with low electricity use</li>\n 	<li>Large water tank for extended cooling duration</li>\n 	<li>Whisper-quiet operation for peaceful environments</li>\n 	<li>Smooth castor wheels for easy mobility</li>\n 	<li>Ideal for bedrooms, offices, shops, and small–medium rooms</li>\n 	<li>Durable body with long service life</li>\n</ul>\nAir coolers work using the principle of <a title=""Evaporative Cooling Technology"" href=""https://en.wikipedia.org/wiki/Evaporative_cooler"" target=""_blank"" rel=""nofollow noopener noindex"">evaporative cooling technology</a>, which naturally cools air while using significantly less electricity than traditional air conditioning systems.\n\nFor users who need cooling solutions for different room sizes, explore our range of<a href=""https://kingtailors.co.in/air-coolers-category/personal-coolers/""> energy-efficient personal air coolers</a>,<a href=""https://kingtailors.co.in/air-coolers-category/tower-coolers/""> modern tower air coolers</a>, and<a href=""https://kingtailors.co.in/air-coolers-category/portable/""> portable mini air coolers</a>.\n<h4>Related Cooler Categories:</h4>\n<ul>\n 	<li><a title=""High Performance Desert Air Coolers for Large Rooms"" href=""https://kingtailors.co.in/air-coolers-category/desert-coolers/"">High-Performance Desert Air Coolers for Large Rooms</a></li>\n 	<li><a title=""Heavy Duty Industrial Air Coolers for Workshops and Factories"" href=""https://kingtailors.co.in/air-coolers-category/industrial-coolers/"">Heavy Duty Industrial Air Coolers for Workshops and Factories</a></li>\n 	<li><a title=""Energy Efficient Personal Air Coolers for Home and Office"" href=""https://kingtailors.co.in/air-coolers-category/personal-coolers/"">Energy-Efficient Personal Air Coolers for Home and Office</a></li>\n 	<li><a title=""Portable and Mini Air Coolers for Small Rooms and Travel"" href=""https://kingtailors.co.in/air-coolers-category/portable-coolers/"">Portable and Mini Air Coolers for Small Rooms and Travel</a></li>\n 	<li><a title=""Slim Tower Air Coolers with Modern Space-Saving Design"" href=""https://kingtailors.co.in/air-coolers-category/tower-coolers/"">Slim Tower Air Coolers with Modern Space-Saving Design</a></li>\n</ul>",,,taxable,,1,,,0,0,,,,,1,,3800,5999,"Air Coolers, Air Coolers > Tower Air Coolers",,,http://localhost:8080/wordpress/wp-content/uploads/2025/12/anand-jeo-junior-tower-air-cooler.webp,,,,,,,,,0,,Anand Coolers,,,,,,,,,,,,index,6000,field_69575b54369ce,3800,field_69575b543a4d7,1,73,"Anand Jeo Tower Air Cooler,tower air cooler,anand air cooler",on,35,,,,,,,,,,,,,,,,,,,,,,,,,,,,,,,,,,,,,,,,,,,,,,,,,,,,,,,,,,,,,,
614,simple,KT614AC,,Anand Hammer Air Cooler,1,0,visible,"Anand Hammer Air Cooler provides powerful cooling with its heavy-duty motor, strong airflow, and large tank capacity — ideal for homes, shops, offices, workshops, and medium to large rooms.","Anand Hammer Air Cooler provides superior cooling performance with the Anand Hammer Air Cooler, engineered for strong air delivery and long-lasting operation. Built with a heavy-duty design, this cooler ensures efficient cooling even during extreme summer temperatures.\n\nThe Hammer model features high-quality cooling pads, a high-speed air blower, and a large water tank, allowing longer cooling durations with minimal refilling. Its durable body construction makes it suitable for both domestic and commercial environments like living rooms, shops, offices, tailoring units, workshops, and small halls.\n\nPowered by an energy-efficient motor, the Anand Hammer Cooler provides excellent airflow coverage while keeping power consumption low. With easy mobility and low-noise performance, this cooler is a reliable cooling solution for all-day use.\n<h4>Key Features of Anand Hammer Air Cooler</h4>\n<ul>\n 	<li>Heavy-duty air cooler with strong airflow</li>\n 	<li>Large water tank for long cooling hours</li>\n 	<li>High-speed blower for fast room cooling</li>\n 	<li>Durable and long-lasting body design</li>\n 	<li>Energy-efficient motor with low electricity use</li>\n 	<li>High-quality cooling pads for improved cooling efficiency</li>\n 	<li>Smooth wheels for easy movement</li>\n 	<li>Suitable for homes, offices, shops, workshops, and medium–large rooms</li>\n 	<li>Low-noise operation</li>\n</ul>\nAir coolers work using the principle of <a title=""Evaporative Cooling Technology"" href=""https://en.wikipedia.org/wiki/Evaporative_cooler"" target=""_blank"" rel=""nofollow noopener noindex"">evaporative cooling technology</a>, which naturally cools air while using significantly less electricity than traditional air conditioning systems.\n\nFor users who need cooling solutions for different room sizes, explore our range of<a href=""https://kingtailors.co.in/air-coolers-category/personal-coolers/""> energy-efficient personal air coolers</a>,<a href=""https://kingtailors.co.in/air-coolers-category/tower-coolers/""> modern tower air coolers</a>, and<a href=""https://kingtailors.co.in/air-coolers-category/portable/""> portable mini air coolers</a>.\n\n<strong>Related Cooler Categories:</strong>\n<ul>\n 	<li><a title=""High Performance Desert Air Coolers for Large Rooms"" href=""https://kingtailors.co.in/air-coolers-category/desert-coolers/"">High-Performance Desert Air Coolers for Large Rooms</a></li>\n 	<li><a title=""Heavy Duty Industrial Air Coolers for Workshops and Factories"" href=""https://kingtailors.co.in/air-coolers-category/industrial-coolers/"">Heavy Duty Industrial Air Coolers for Workshops and Factories</a></li>\n 	<li><a title=""Energy Efficient Personal Air Coolers for Home and Office"" href=""https://kingtailors.co.in/air-coolers-category/personal-coolers/"">Energy-Efficient Personal Air Coolers for Home and Office</a></li>\n 	<li><a title=""Portable and Mini Air Coolers for Small Rooms and Travel"" href=""https://kingtailors.co.in/air-coolers-category/portable-coolers/"">Portable and Mini Air Coolers for Small Rooms and Travel</a></li>\n 	<li><a title=""Slim Tower Air Coolers with Modern Space-Saving Design"" href=""https://kingtailors.co.in/air-coolers-category/tower-coolers/"">Slim Tower Air Coolers with Modern Space-Saving Design</a></li>\n</ul>",,,taxable,,1,,,0,0,,,,,0,,6500,7999,"Air Coolers, Air Coolers > Industrial Air Coolers",,,http://localhost:8080/wordpress/wp-content/uploads/2025/12/anand-hammer-industrial-air-cooler.webp,,,,,,,,,0,,Anand Coolers,,,,,,,,,,,,index,8000,field_69575b54369ce,6500,field_69575b543a4d7,1,73,Anand Hammer Air Cooler,on,34,,,,,,,,,,,,,,,,,,,,,,,,,,,,,,,,,,,,,,,,,,,,,,,,,,,,,,,,,,,,,,
616,simple,KT616AC,,BOSS JJR Air Cooler,1,1,visible,"BOSS JJR Air Cooler is a compact yet powerful personal cooler designed for fast cooling, strong airflow, and low power consumption. Ideal for bedrooms, small rooms, shops, and offices.","BOSS JJR Air Cooler provides a comfortably cool, compact, and efficient cooling solution built for daily use. This model features a high-speed 14-inch fan, quality cooling pads, and a sturdy motor, ensuring strong air delivery and refreshing cooling even during hot summer days.\n\nIts lightweight and portable design make it perfect for bedrooms, small offices, shops, cabins, and study rooms. Despite its compact size, the JJR 14"" provides excellent airflow and consumes minimal electricity, making it ideal for long operating hours.\n\nThe cooler is crafted with a durable body and designed to deliver low-noise performance, giving you a peaceful cooling experience. With its user-friendly operation and reliable build quality, the BOSS JJR Air Cooler is a great choice for anyone looking for an affordable and efficient air cooler.\n<h4>Key Features of BOSS JJR Air Cooler</h4>\n<ul>\n 	<li>High-speed 14"" fan for powerful airflow</li>\n 	<li>Compact and space-saving design</li>\n 	<li>Energy-efficient motor with low power consumption</li>\n 	<li>High-quality cooling pads for fast cooling</li>\n 	<li>Durable body construction</li>\n 	<li>Low-noise performance for a comfortable environment</li>\n 	<li>Ideal for bedrooms, small rooms, shops, and offices</li>\n 	<li>Lightweight and easy to move</li>\n</ul>\nAir coolers work using the principle of <a title=""Evaporative Cooling Technology"" href=""https://en.wikipedia.org/wiki/Evaporative_cooler"" target=""_blank"" rel=""nofollow noopener noindex"">evaporative cooling technology</a>, which naturally cools air while using significantly less electricity than traditional air conditioning systems.\n\nFor users who need cooling solutions for different room sizes, explore our range of<a href=""https://kingtailors.co.in/air-coolers-category/personal-coolers/""> energy-efficient personal air coolers</a>,<a href=""https://kingtailors.co.in/air-coolers-category/tower-coolers/""> modern tower air coolers</a>, and<a href=""https://kingtailors.co.in/air-coolers-category/portable/""> portable mini air coolers</a>.\n\n<strong>Related Cooler Categories:</strong>\n<ul>\n 	<li><a title=""High Performance Desert Air Coolers for Large Rooms"" href=""https://kingtailors.co.in/air-coolers-category/desert-coolers/"">High-Performance Desert Air Coolers for Large Rooms</a></li>\n 	<li><a title=""Heavy Duty Industrial Air Coolers for Workshops and Factories"" href=""https://kingtailors.co.in/air-coolers-category/industrial-coolers/"">Heavy Duty Industrial Air Coolers for Workshops and Factories</a></li>\n 	<li><a title=""Energy Efficient Personal Air Coolers for Home and Office"" href=""https://kingtailors.co.in/air-coolers-category/personal-coolers/"">Energy-Efficient Personal Air Coolers for Home and Office</a></li>\n 	<li><a title=""Portable and Mini Air Coolers for Small Rooms and Travel"" href=""https://kingtailors.co.in/air-coolers-category/portable-coolers/"">Portable and Mini Air Coolers for Small Rooms and Travel</a></li>\n 	<li><a title=""Slim Tower Air Coolers with Modern Space-Saving Design"" href=""https://kingtailors.co.in/air-coolers-category/tower-coolers/"">Slim Tower Air Coolers with Modern Space-Saving Design</a></li>\n</ul>",,,taxable,,1,,,0,0,,,,,1,,5000,7999,"Air Coolers, Air Coolers > Personal Air Coolers",,,http://localhost:8080/wordpress/wp-content/uploads/2025/12/boss-jjr-air-cooler.webp,,,,,,,,,0,,Boss Coolers,,,,,,,,,,,,index,7500,field_69575b54369ce,5000,field_69575b543a4d7,1,73,BOSS JJR Air Cooler,on,33,,,,,,,,,,,,,,,,,,,,,,,,,,,,,,,,,,,,,,,,,,,,,,,,,,,,,,,,,,,,,,
618,simple,KT618AC,,BOSS JJR Plus Air Cooler,1,1,visible,"BOSS JJR Plus Air Cooler offers upgraded cooling performance with its high-speed 14-inch fan, improved cooling pads, and low power consumption. Perfect for bedrooms, small rooms, shops, and office cabins.","BOSS JJR Plus Air Cooler offers better and faster cooling with the BOSS JJR 14"" Plus Air Cooler, designed with enhanced airflow technology and a more powerful motor compared to the standard JJR 14"" model. Its high-speed 14-inch fan delivers strong and refreshing airflow, making it ideal for small to medium-sized spaces.\n\nEquipped with high-quality cooling pads, a durable blower system, and a long-lasting body, the JJR 14"" Plus ensures consistent cooling performance even during peak summer heat. It is lightweight, portable, and highly energy-efficient, making it suitable for daily use in bedrooms, offices, shops, study rooms, salons, and work cabins.\n\nWith its quiet operation, strong build quality, and user-friendly design, the BOSS JJR Plus Air Cooler is the perfect combination of affordability, durability, and powerful cooling.\n<h4>Key Features of BOSS JJR Plus Air Cooler</h4>\n<ul>\n 	<li>High-speed 14"" fan with enhanced airflow</li>\n 	<li>“Plus” model with upgraded cooling performance</li>\n 	<li>Energy-efficient motor for low electricity consumption</li>\n 	<li>Premium cooling pads for quick and effective cooling</li>\n 	<li>Strong and durable body construction</li>\n 	<li>Low-noise operation for comfortable use</li>\n 	<li>Lightweight and easy to move</li>\n 	<li>Ideal for bedrooms, work cabins, offices, small shops, and personal spaces</li>\n</ul>\nAir coolers work using the principle of <a title=""Evaporative Cooling Technology"" href=""https://en.wikipedia.org/wiki/Evaporative_cooler"" target=""_blank"" rel=""nofollow noopener noindex"">evaporative cooling technology</a>, which naturally cools air while using significantly less electricity than traditional air conditioning systems.\n\nFor users who need cooling solutions for different room sizes, explore our range of<a href=""https://kingtailors.co.in/air-coolers-category/personal-coolers/""> energy-efficient personal air coolers</a>,<a href=""https://kingtailors.co.in/air-coolers-category/tower-coolers/""> modern tower air coolers</a>, and<a href=""https://kingtailors.co.in/air-coolers-category/portable/""> portable mini air coolers</a>.\n\n<strong>Related Cooler Categories:</strong>\n<ul>\n 	<li><a title=""High Performance Desert Air Coolers for Large Rooms"" href=""https://kingtailors.co.in/air-coolers-category/desert-coolers/"">High-Performance Desert Air Coolers for Large Rooms</a></li>\n 	<li><a title=""Heavy Duty Industrial Air Coolers for Workshops and Factories"" href=""https://kingtailors.co.in/air-coolers-category/industrial-coolers/"">Heavy Duty Industrial Air Coolers for Workshops and Factories</a></li>\n 	<li><a title=""Energy Efficient Personal Air Coolers for Home and Office"" href=""https://kingtailors.co.in/air-coolers-category/personal-coolers/"">Energy-Efficient Personal Air Coolers for Home and Office</a></li>\n 	<li><a title=""Portable and Mini Air Coolers for Small Rooms and Travel"" href=""https://kingtailors.co.in/air-coolers-category/portable-coolers/"">Portable and Mini Air Coolers for Small Rooms and Travel</a></li>\n 	<li><a title=""Slim Tower Air Coolers with Modern Space-Saving Design"" href=""https://kingtailors.co.in/air-coolers-category/tower-coolers/"">Slim Tower Air Coolers with Modern Space-Saving Design</a></li>\n</ul>",,,taxable,,1,,,0,0,,,,,0,,5000,7999,"Air Coolers, Air Coolers > Personal Air Coolers",,,http://localhost:8080/wordpress/wp-content/uploads/2025/12/boss-jjr-plus-air-cooler.webp,,,,,,,,,0,,Boss Coolers,,,,,,,,,,,,index,7500,field_69575b54369ce,5000,field_69575b543a4d7,1,73,BOSS JJR Plus Air Cooler,on,32,,,,,,,,,,,,,,,,,,,,,,,,,,,,,,,,,,,,,,,,,,,,,,,,,,,,,,,,,,,,,,
620,simple,KT620AC,,Anand RAMKING Air Cooler,1,0,visible,"Anand RAMKING Industrial Air Cooler is a powerful heavy-duty cooling system designed for factories, workshops, halls, warehouses, and commercial spaces. It delivers massive airflow, long cooling hours, and durable industrial-grade performance.","Anand RAMKING Industrial Air Cooler is a powerful and reliable cooling solution designed specifically for factories, workshops, warehouses, commercial spaces, and large industrial environments. Built with a heavy-duty body and high-performance components, this cooler delivers exceptional airflow, maximum cooling efficiency, and long-lasting durability even in extreme working conditions. Whether you run a manufacturing unit, a fabrication workshop, a garage, or a large commercial facility, the Anand RAMKING Industrial Cooler ensures that your workspace stays comfortable, productive, and safe.\n<h4><strong>Superior Cooling Performance for Large Areas</strong></h4>\nWhat makes the Anand RAMKING Industrial Air Cooler stand out is its high air delivery system, engineered to cool large areas quickly and evenly. The cooler is equipped with a heavy-duty fan motor that pushes a strong, high-volume airflow capable of reaching far distances. This makes it ideal for open production floors, machine rooms, loading docks, large halls, and locations with continuous heat generation from machines and equipment.\n\nThanks to its advanced air throw technology, this industrial cooler maintains consistent cooling throughout the space, improving worker comfort and overall efficiency.\n<h4><strong>Heavy-Duty Construction for Industrial Use</strong></h4>\nThe Anand RAMKING Industrial Cooler is designed with robust industrial-grade materials that can withstand dust, heat, and continuous operation. The body is crafted from high-quality, high-strength plastic or metal (depending on the variant), ensuring long service life even in tough environments. Its durable construction prevents rust, dents, and cracks, making it a low-maintenance cooling solution for long-term use.\n\nFactories and workshops often face challenges like dust, vibration, and continuous running hours—but this cooler is built exactly for such conditions. It operates smoothly, reliably, and efficiently without temperature fluctuations.\n<h4>Large Water Tank for Long Hours of Cooling</h4>\nOne of the biggest advantages of the Anand RAMKING Industrial Air Cooler is its extra-large water tank capacity, allowing the cooler to operate for long hours without frequent refills. This is a huge benefit for industries that require continuous cooling throughout the day.\n<h4><strong>The large tank ensures the following:</strong></h4>\n<ul>\n 	<li>Uninterrupted cooling for long shifts</li>\n 	<li>Reduced need for manual monitoring</li>\n 	<li>Stable water supply to the cooling pads</li>\n 	<li>Efficient cooling even during peak temperature hours</li>\n 	<li>Depending on usage, the cooler can run for many hours on a single fill — perfect for factories, warehouses, and commercial units.</li>\n 	<li>Honeycomb Cooling Pads for Maximum Efficiency</li>\n 	<li>The cooler features high-performance honeycomb pads that provide superior water retention and improved airflow. These pads absorb water quickly and allow efficient evaporation, resulting in cooler air output and a refreshing breeze. Honeycomb pads also last longer compared to traditional wood-wool pads, making the cooler more cost-effective and maintenance-friendly.</li>\n</ul>\n<h4><strong>High Air Delivery with Powerful Motor</strong></h4>\nThe Anand RAMKING Industrial Air Cooler is equipped with a heavy-duty motor designed for long operational hours. Its high-speed motor ensures the following:\n<ul>\n 	<li>Strong air throw</li>\n 	<li>Wide cooling coverage</li>\n 	<li>Stable and smooth performance</li>\n 	<li>Energy-efficient operation</li>\n 	<li>This makes the cooler ideal for large areas where powerful airflow is essential.</li>\n 	<li>Easy Mobility and User-Friendly Design</li>\n</ul>\nDespite its large size, the cooler is designed for easy movement. Equipped with durable caster wheels, it can be moved around the workspace without any difficulty. The control panel is simple and user-friendly, allowing workers to adjust speed, cooling, and water levels with ease.\n<h4><strong>Energy-Efficient &amp; Cost-Effective</strong></h4>\nCompared to industrial air conditioning systems, the Anand RAMKING Industrial Air Cooler consumes significantly less electricity. Businesses can enjoy highly effective cooling without worrying about rising energy costs. It is one of the most economical options for cooling large workspaces.\n<h4>RAMKING Industrial Air Cooler <strong>Ideal For:</strong></h4>\n<ul>\n 	<li>Factories &amp; manufacturing units</li>\n 	<li>Workshops &amp; garages</li>\n 	<li>Large halls &amp; event spaces</li>\n 	<li>Warehouses &amp; storage rooms</li>\n 	<li>Machine rooms &amp; fabrication units</li>\n 	<li>Schools, colleges &amp; community halls</li>\n</ul>\n<h4>Why Choose Anand RAMKING Industrial Air Cooler?</h4>\n<ul>\n 	<li>Heavy-duty construction</li>\n 	<li>High air delivery for large areas</li>\n 	<li>Extra-large water tank</li>\n 	<li>Long-lasting honeycomb pads</li>\n 	<li>Durable industrial motor</li>\n 	<li>Energy-efficient performance</li>\n 	<li>Designed for tough working conditions</li>\n</ul>\nAir coolers work using the principle of <a title=""Evaporative Cooling Technology"" href=""https://en.wikipedia.org/wiki/Evaporative_cooler"" target=""_blank"" rel=""nofollow noopener noindex"">evaporative cooling technology</a>, which naturally cools air while using significantly less electricity than traditional air conditioning systems.\n\nFor users who need cooling solutions for different room sizes, explore our range of<a href=""https://kingtailors.co.in/air-coolers-category/personal-coolers/""> energy-efficient personal air coolers</a>,<a href=""https://kingtailors.co.in/air-coolers-category/tower-coolers/""> modern tower air coolers</a>, and<a href=""https://kingtailors.co.in/air-coolers-category/portable/""> portable mini air coolers</a>.\n<h4><strong>Related Cooler Categories:</strong></h4>\n<ul>\n 	<li><a title=""High Performance Desert Air Coolers for Large Rooms"" href=""https://kingtailors.co.in/air-coolers-category/desert-coolers/"">High-Performance Desert Air Coolers for Large Rooms</a></li>\n 	<li><a title=""Heavy Duty Industrial Air Coolers for Workshops and Factories"" href=""https://kingtailors.co.in/air-coolers-category/industrial-coolers/"">Heavy Duty Industrial Air Coolers for Workshops and Factories</a></li>\n 	<li><a title=""Energy Efficient Personal Air Coolers for Home and Office"" href=""https://kingtailors.co.in/air-coolers-category/personal-coolers/"">Energy-Efficient Personal Air Coolers for Home and Office</a></li>\n 	<li><a title=""Portable and Mini Air Coolers for Small Rooms and Travel"" href=""https://kingtailors.co.in/air-coolers-category/portable-coolers/"">Portable and Mini Air Coolers for Small Rooms and Travel</a></li>\n 	<li><a title=""Slim Tower Air Coolers with Modern Space-Saving Design"" href=""https://kingtailors.co.in/air-coolers-category/tower-coolers/"">Slim Tower Air Coolers with Modern Space-Saving Design</a></li>\n</ul>",,,taxable,,1,,,0,0,,,,,1,,7500,9999,"Air Coolers, Air Coolers > Industrial Air Coolers",,,http://localhost:8080/wordpress/wp-content/uploads/2025/12/anand-ramking-air-cooler.webp,,,,,,,,,0,,Anand Coolers,,,,,,,,,,,,index,9999,field_69575b54369ce,7500,field_69575b543a4d7,1,69,Anand RAMKING Industrial Air Cooler,on,31,,,,,,,,,,,,,,,,,,,,,,,,,,,,,,,,,,,,,,,,,,,,,,,,,,,,,,,,,,,,,,
622,simple,KT622AC,,Anand RamCool Air Cooler,1,0,visible,"Anand RamCool Air Cooler delivers powerful cooling for factories, workshops, warehouses, halls, and large commercial spaces. Built with a heavy-duty motor, high airflow, and a massive tank, it ensures long-lasting and efficient cooling.","The Anand RamCool Air Cooler is designed for extreme cooling performance in demanding industrial environments. With its high-capacity airflow system, oversized cooling pads, and large water tank, it provides long-duration cooling even during peak summer heat.\n\nThe Anand RamCool Air Cooler model features a robust and durable body, making it ideal for continuous use in garment factories, machine workshops, warehouses, catering halls, event spaces, commercial shops, and large rooms. Its heavy-duty, energy-efficient motor ensures maximum cooling output while keeping electricity consumption under control.\n\nEngineered with industrial-grade components and a high airflow throw, the Anand RamCool delivers fast and widespread cooling—making it perfect for keeping workers comfortable and maintaining optimal temperatures in large spaces.\n<h4>Key Features of Anand RamCool Air Cooler</h4>\n<ul>\n 	<li>Heavy-duty industrial cooling system</li>\n 	<li>High air delivery for large-area coverage</li>\n 	<li>Extra-large water tank for extended cooling hours</li>\n 	<li>High-quality cooling pads for maximum evaporation</li>\n 	<li>Rugged body built for long-lasting industrial use</li>\n 	<li>Energy-efficient powerful motor</li>\n 	<li>Smooth mobility wheels for easy movement</li>\n 	<li>Ideal for factories, warehouses, workshops, halls &amp; large commercial spaces</li>\n 	<li>Low-noise operation for a more comfortable environment</li>\n 	<li>Suitable for continuous long-hour usage</li>\n</ul>\nAir coolers work using the principle of <a title=""Evaporative Cooling Technology"" href=""https://en.wikipedia.org/wiki/Evaporative_cooler"" target=""_blank"" rel=""nofollow noopener noindex"">evaporative cooling technology</a>, which naturally cools air while using significantly less electricity than traditional air conditioning systems.\n\nFor users who need cooling solutions for different room sizes, explore our range of<a href=""https://kingtailors.co.in/air-coolers-category/personal-coolers/""> energy-efficient personal air coolers</a>,<a href=""https://kingtailors.co.in/air-coolers-category/tower-coolers/""> modern tower air coolers</a>, and<a href=""https://kingtailors.co.in/air-coolers-category/portable/""> portable mini air coolers</a>.\n<h4>Related Cooler Categories:</h4>\n<ul>\n 	<li><a title=""High Performance Desert Air Coolers for Large Rooms"" href=""https://kingtailors.co.in/air-coolers-category/desert-coolers/"">High-Performance Desert Air Coolers for Large Rooms</a></li>\n 	<li><a title=""Heavy Duty Industrial Air Coolers for Workshops and Factories"" href=""https://kingtailors.co.in/air-coolers-category/industrial-coolers/"">Heavy Duty Industrial Air Coolers for Workshops and Factories</a></li>\n 	<li><a title=""Energy Efficient Personal Air Coolers for Home and Office"" href=""https://kingtailors.co.in/air-coolers-category/personal-coolers/"">Energy-Efficient Personal Air Coolers for Home and Office</a></li>\n 	<li><a title=""Portable and Mini Air Coolers for Small Rooms and Travel"" href=""https://kingtailors.co.in/air-coolers-category/portable-coolers/"">Portable and Mini Air Coolers for Small Rooms and Travel</a></li>\n 	<li><a title=""Slim Tower Air Coolers with Modern Space-Saving Design"" href=""https://kingtailors.co.in/air-coolers-category/tower-coolers/"">Slim Tower Air Coolers with Modern Space-Saving Design</a></li>\n</ul>",,,taxable,,1,,,0,0,,,,,1,,7500,9999,"Air Coolers, Air Coolers > Industrial Air Coolers",,,http://localhost:8080/wordpress/wp-content/uploads/2025/12/anand-ramcool-air-cooler-2.webp,,,,,,,,,0,,Anand Coolers,,,,,,,,,,,,index,9999,field_69575b54369ce,7500,field_69575b543a4d7,1,73,Anand RamCool Air Cooler,on,30,,,,,,,,,,,,,,,,,,,,,,,,,,,,,,,,,,,,,,,,,,,,,,,,,,,,,,,,,,,,,,
624,simple,KT624AS,,Needles,1,0,visible,"Buy sewing machine needles in Ozar, Nashik, for all fabric types. Sharp, durable & high-quality needles for smooth stitching with expert support.","<p data-start=""698"" data-end=""925"">Sewing machine needle are one of the most important components for achieving precise and high-quality stitching. The right needle ensures smooth fabric penetration, reduces thread breakage, and improves overall stitch quality.</p>\n<p data-start=""927"" data-end=""1234"">At our store in Ozar, Nashik, we offer a wide variety of sewing machine needles suitable for different fabrics and applications, including cotton, denim, silk, and leather. Whether you are a home user or a professional tailor, selecting the correct needle type and size is essential for optimal performance.</p>\n<p data-start=""1236"" data-end=""1469"">Our range includes durable and sharp needles designed for long-lasting use and consistent results. We help customers choose the right needle based on their machine type and stitching needs, ensuring better efficiency and fabric care.</p>\n<p data-start=""1471"" data-end=""1671"">In addition to supplying quality needles, we also provide expert advice, maintenance tips, and repair services. Visit us for reliable products, affordable pricing, and complete sewing machine support.</p>\n\n<h4>Key Features of Sewing Machine Needle:</h4>\n<ul>\n 	<li>Rust-proof hardened steel construction for durability</li>\n 	<li>Medium-length needle with round eye &amp; sharp point</li>\n 	<li>A universal point type fits most domestic machines</li>\n 	<li>Compatible with cotton, polyester, and wool fabrics</li>\n 	<li>Pack of 10 needles per set</li>\n 	<li>Brand: PMW | Model: HA x 18</li>\n 	<li>Country of Origin: India</li>\n</ul>\n<strong>Best For:</strong>\n<ul>\n 	<li>Domestic and automatic sewing machines</li>\n 	<li>Everyday stitching and quick repairs</li>\n 	<li>Home tailoring and small craft projects</li>\n</ul>\n<h4><strong>Related Categories:</strong></h4>\n<ul>\n 	<li><a title=""Embroidery Sewing Machines"" href=""https://kingtailors.co.in/sewing-machines-category/embroidery-machines/"">Embroidery Sewing Machines</a></li>\n 	<li><a title=""Heavy Duty Sewing Machines"" href=""https://kingtailors.co.in/sewing-machines-category/heavy-duty-machines/"">Heavy-Duty Sewing Machines</a></li>\n 	<li><a title=""Industrial Sewing Machines"" href=""https://kingtailors.co.in/sewing-machines-category/industrial-machines/"">Industrial Sewing Machines</a></li>\n 	<li><a title=""Manual or Hand Operated Sewing Machines"" href=""https://kingtailors.co.in/sewing-machines-category/manual-machines/"">Manual/Hand-Operated Sewing Machines</a></li>\n 	<li><a title=""Overlock Sewing Machines"" href=""https://kingtailors.co.in/sewing-machines-category/overlock-machines/"">Overlock Sewing Machines</a></li>\n</ul>\n<h4>People Also Search For</h4>\n<ul>\n 	<li>sewing machine needle types and sizes</li>\n 	<li>needle for denim sewing machine</li>\n 	<li>industrial sewing machine needle prices</li>\n 	<li>sewing machine needle number guide</li>\n 	<li>best needle for cotton fabric stitching</li>\n 	<li>sewing machine repair near me</li>\n 	<li>tailoring machine accessories shop Nashik</li>\n 	<li>needle-breaking problem solution</li>\n</ul>\nNote: Prices shown are indicative only. Final pricing may vary based on product size, quality, specifications, and customization.",,,taxable,,1,,,0,0,,,,,1,,30,49,"Accessories, Accessories > Machine Accessory",,,http://localhost:8080/wordpress/wp-content/uploads/2025/12/Sewing-Machine-Needles-All-Types-Machines.webp,,,,,,,,,0,,Generic,,,,,,,,,,,,index,149,field_69575d74b79dd,30,field_69575d74b7ed4,1,73,sewing machine needle,on,29,,,,,,,,,,,,,,,,,,,,,,,,,,,,,,,,,,,,,,,,,,,,,,,,,,,,,,,,,,,,,,
626,simple,KT626AS,,Bobbins and Bobbin Case,1,0,visible,"Buy bobbins and bobbin cases in Ozar, Nashik, for smooth stitching performance. Durable, high-quality sewing machine parts with expert support.","<p data-start=""731"" data-end=""982"">Bobbins and bobbin cases are essential components of a sewing machine, playing a key role in forming neat and consistent stitches. The bobbin holds the lower thread, while the bobbin case ensures proper tension and smooth thread flow during stitching.</p>\n<p data-start=""984"" data-end=""1274"">At our store in Ozar, Nashik, we offer a wide range of high-quality bobbins and bobbin cases suitable for different types of sewing machines, including manual, industrial, and overlock models. Choosing the right size and type is important to maintain stitch quality and avoid thread issues.</p>\n<p data-start=""1276"" data-end=""1480"">Our products are made from durable materials to ensure long-lasting performance and minimal wear. Whether you need replacements or additional accessories, we provide reliable options at affordable prices.</p>\n<p data-start=""1482"" data-end=""1686"">We also assist customers in selecting compatible parts based on their machine model. Along with spare parts, we offer repair services and expert guidance to help keep your sewing machine running smoothly.</p>\n\n<h4>Key Features of Bobbins and Bobbin Case</h4>\n<ul>\n 	<li>Durable storage case for bobbins of all sizes</li>\n 	<li>Protects threads from dust, tangling, and damage</li>\n 	<li>Compact, lightweight, and portable design</li>\n 	<li>Easy access to organized bobbins for quick sewing</li>\n 	<li>Compatible with domestic and industrial sewing machines</li>\n 	<li>Ideal for home sewing, tailoring shops, and workshops</li>\n</ul>\n<h4><strong>Related Categories:</strong></h4>\n<ul>\n 	<li><a title=""Embroidery Sewing Machines"" href=""https://kingtailors.co.in/sewing-machines-category/embroidery-machines/"">Embroidery Sewing Machines</a></li>\n 	<li><a title=""Heavy Duty Sewing Machines"" href=""https://kingtailors.co.in/sewing-machines-category/heavy-duty-machines/"">Heavy-Duty Sewing Machines</a></li>\n 	<li><a title=""Industrial Sewing Machines"" href=""https://kingtailors.co.in/sewing-machines-category/industrial-machines/"">Industrial Sewing Machines</a></li>\n 	<li><a title=""Manual or Hand Operated Sewing Machines"" href=""https://kingtailors.co.in/sewing-machines-category/manual-machines/"">Manual/Hand-Operated Sewing Machines</a></li>\n 	<li><a title=""Overlock Sewing Machines"" href=""https://kingtailors.co.in/sewing-machines-category/overlock-machines/"">Overlock Sewing Machines</a></li>\n</ul>\n<h4>People Also Search For</h4>\n<ul>\n 	<li>bobbin price in Ozar, Nashik</li>\n 	<li>sewing machine bobbin types and sizes</li>\n 	<li>bobbin case replacement near me</li>\n 	<li>industrial sewing machine bobbin case</li>\n 	<li>sewing machine thread tension problem</li>\n 	<li>tailoring machine spare parts shop, Nashik</li>\n 	<li>bobbin not spinning issue solution</li>\n 	<li>sewing machine repair services in Nashik</li>\n</ul>\nNote: Prices shown are indicative only. Final pricing may vary based on product size, quality, specifications, and customization.",,,taxable,,1,,,0,0,,,,,1,,90,199,"Accessories, Accessories > Machine Accessory",,,http://localhost:8080/wordpress/wp-content/uploads/2025/12/Bobbins-and-Bobbins-Case.webp,,,,,,,,,0,,Generic,,,,,,,,,,,,index,199,field_69575d74b79dd,90,field_69575d74b7ed4,1,73,bobbins and bobbin case,on,28,,,,,,,,,,,,,,,,,,,,,,,,,,,,,,,,,,,,,,,,,,,,,,,,,,,,,,,,,,,,,,
628,simple,KT628AS,,Shuttle Hook Assembly,1,0,visible,"Buy shuttle hook assembly for sewing machines in Ozar, Nashik. High-quality spare parts for smooth stitching & durability with expert support.","The shuttle hook assembly is a critical component for smooth and efficient stitch formation in sewing machines. Designed for domestic, semi-industrial, and industrial sewing machines, it guarantees accurate needle-to-thread interaction, ensuring consistent stitch quality and preventing thread breakage.\n\nMade from premium-grade metal, this assembly is durable, rust-resistant, and engineered for long-lasting use. It is compatible with most lockstitch and zig-zag sewing machines, making it ideal for tailoring shops, garment factories, and home sewing setups.\n\nReplacing a worn or damaged shuttle hook assembly improves machine performance, reduces skipped stitches, and extends the life of your sewing machine. A must-have spare for professional tailors and sewing enthusiasts alike.\n<h4>Key Features of Shuttle Hook Assembly</h4>\n<ul>\n 	<li>High-quality, durable metal construction</li>\n 	<li>Rust-resistant for long-term use</li>\n 	<li>Ensures smooth stitch formation and precise thread movement</li>\n 	<li>Compatible with domestic and industrial sewing machines</li>\n 	<li>Ideal for lockstitch and zig-zag machines</li>\n 	<li>Prevents skipped stitches and thread breakage</li>\n 	<li>Essential spare part for tailors, garment units, and home sewing</li>\n</ul>\n<h4>Related Categories:</h4>\n<ul>\n 	<li><a title=""Embroidery Sewing Machines"" href=""https://kingtailors.co.in/sewing-machines-category/embroidery-machines/"">Embroidery Sewing Machines</a></li>\n 	<li><a title=""Heavy Duty Sewing Machines"" href=""https://kingtailors.co.in/sewing-machines-category/heavy-duty-machines/"">Heavy-Duty Sewing Machines</a></li>\n 	<li><a title=""Industrial Sewing Machines"" href=""https://kingtailors.co.in/sewing-machines-category/industrial-machines/"">Industrial Sewing Machines</a></li>\n 	<li><a title=""Manual or Hand Operated Sewing Machines"" href=""https://kingtailors.co.in/sewing-machines-category/manual-machines/"">Manual/Hand-Operated Sewing Machines</a></li>\n 	<li><a title=""Overlock Sewing Machines"" href=""https://kingtailors.co.in/sewing-machines-category/overlock-machines/"">Overlock Sewing Machines</a></li>\n</ul>\n<h4>People Also Search For</h4>\n<ul>\n 	<li>shuttle hook price in Ozar, Nashik</li>\n 	<li>sewing machine hook assembly replacement</li>\n 	<li>bobbin hook for sewing machine</li>\n 	<li>industrial sewing machine spare parts Nashik</li>\n 	<li>sewing machine repair near me</li>\n 	<li>hook timing issue sewing machine solution</li>\n 	<li>tailoring machine parts shop in Nashik</li>\n 	<li>sewing machine shuttle problems and fixes</li>\n</ul>\nNote: Prices shown are indicative only. Final pricing may vary based on product size, quality, specifications, and customization.",,,taxable,,1,,,0,0,,,,,1,,749,999,"Accessories, Accessories > Machine Accessory",,,http://localhost:8080/wordpress/wp-content/uploads/2025/12/Shuttle-Hook-Assembly-for-Sewing-Machines.webp,,,,,,,,,0,,Generic,,,,,,,,,,,,index,999,field_69575d74b79dd,749,field_69575d74b7ed4,1,73,Shuttle Hook Assembly,on,27,,,,,,,,,,,,{{unknown}},,,,,,,,,,,,,,,,,,,,,,,,,,,,,,,,,,,,,,,,,,,,,,,,,,
630,simple,KT630AS,,Presser Foot,1,0,visible,"Buy Presser Foot for Sewing Machines High-quality replacement part for domestic and industrial sewing machines. Ensures smooth fabric feeding, precise stitching, and consistent performance.","The Presser Foot for Sewing Machines is a must-have sewing machine attachment designed to deliver smooth fabric feeding, precise stitching, and professional-quality results. It securely holds the fabric in place while guiding it under the needle, ensuring even stitch formation and preventing common issues like fabric slipping, bunching, or skipped stitches.\n\nThis universal presser foot is compatible with a wide range of sewing machines, including domestic sewing machines and industrial sewing machines from leading brands like Singer, Brother, Usha, and Jack. Whether you are working with a lockstitch machine, zigzag sewing machine, or embroidery machine, this accessory enhances overall sewing efficiency.\n\nCrafted from high-quality, rust-resistant metal, the Presser Foot for Sewing Machines is built for durability and long-lasting performance. Its strong construction provides excellent fabric control, making it suitable for various materials such as cotton, silk, denim, and other fabrics. This makes it ideal for tailoring, quilting, embroidery, dressmaking, and DIY sewing projects.\n\nOne of the key advantages of using this sewing machine presser foot is its ability to improve stitch consistency and accuracy. It maintains even pressure on the fabric, allowing for straight seams, clean finishing, and professional stitching results. Whether you are a professional tailor, fashion designer, or home sewing enthusiast, this accessory ensures a seamless sewing experience.\n\nAdditionally, this easy-to-install presser foot is perfect as a replacement or spare part, helping extend the life and performance of your sewing machine. Its user-friendly design allows quick attachment and removal, saving time during sewing operations.\n<h4>What is a presser foot for sewing machines?</h4>\nA presser foot for sewing machines is a sewing machine accessory that holds fabric flat against the feed dogs, allowing smooth movement under the needle for accurate, even, and consistent stitching. It is essential for achieving professional sewing results across different fabrics and stitching styles.\n<h4>Key Features of presser foot for sewing machines</h4>\n<ul>\n 	<li><strong>Universal Compatibility:</strong> Works with most domestic and industrial sewing machines</li>\n 	<li><strong>Smooth Fabric Feeding:</strong> Ensures even stitching without slipping or bunching</li>\n 	<li><strong>Durable Metal Build:</strong> Rust-resistant, heavy-duty construction for long-term use</li>\n 	<li><strong>Precision Stitching:</strong> Improves stitch quality and consistency</li>\n 	<li><strong>Multi-Purpose Use:</strong> Ideal for quilting, embroidery, tailoring, and general sewing</li>\n 	<li><strong>Easy Installation:</strong> Quick to attach, remove, and replace</li>\n 	<li><strong>Professional Results:</strong> Perfect for beginners and experts alike</li>\n</ul>\n<h4>Key Benefits</h4>\n<ul>\n 	<li>Enhances sewing machine performance</li>\n 	<li>Reduces fabric puckering and skipped stitches</li>\n 	<li>Supports precision sewing and fabric control</li>\n 	<li>Suitable for lightweight to heavy fabrics</li>\n 	<li>Reliable sewing machine spare part</li>\n</ul>\n<h4><strong>Related Categories:</strong></h4>\n<ul>\n 	<li><a title=""Embroidery Sewing Machines"" href=""https://kingtailors.co.in/sewing-machines-category/embroidery-machines/"">Embroidery Sewing Machines</a></li>\n 	<li><a title=""Heavy Duty Sewing Machines"" href=""https://kingtailors.co.in/sewing-machines-category/heavy-duty-machines/"">Heavy-Duty Sewing Machines</a></li>\n 	<li><a title=""Industrial Sewing Machines"" href=""https://kingtailors.co.in/sewing-machines-category/industrial-machines/"">Industrial Sewing Machines</a></li>\n 	<li><a title=""Manual or Hand Operated Sewing Machines"" href=""https://kingtailors.co.in/sewing-machines-category/manual-machines/"">Manual/Hand Operated Sewing Machines</a></li>\n 	<li><a title=""Overlock Sewing Machines"" href=""https://kingtailors.co.in/sewing-machines-category/overlock-machines/"">Overlock Sewing Machines</a></li>\n</ul>\nNote: Prices shown are indicative only. Final pricing may vary based on product size, material quality, specifications, and customization.",,,taxable,,1,,,0,0,,,,,1,,50,199,"Accessories, Accessories > Machine Accessory",,,http://localhost:8080/wordpress/wp-content/uploads/2025/12/Presser-Foot-for-Sewing-Machines.webp,,,,,,,,,0,,Generic,,,,,,,,,,,,index,199,field_69575d74b79dd,50,field_69575d74b7ed4,1,70,Presser Foot for Sewing Machines,on,26,,,,,,,,,,,http://localhost:8080/wordpress/?p=2879,,Best Presser Foot for Sewing Machines | Durable &amp; Universal,"Upgrade your stitching with a durable presser foot for sewing machines. Ensures smooth fabric feeding, precise stitches, and professional results.",,,,,,,,,,,,,,,,,,,,,,,,,,,,,,,,,,,,,,,,,,,,,,,,
632,simple,KT632AS,,Feed Dog,1,0,visible,High-quality feed dog for sewing machines ensure smooth and consistent fabric movement in domestic and industrial sewing machines. ,"Feed Dog for Sewing Machines is a critical component of your sewing machine that moves fabric evenly under the needle for accurate stitching. Designed for domestic machines like <a title=""Singer Sewing Machines India"" href=""https://singerindia.com/"" target=""_blank"" rel=""nofollow noopener"">Singer</a>, <a title=""Brother Sewing Machines"" href=""https://www.brother.in/en/sewing-machines"" target=""_blank"" rel=""nofollow noopener"">Brother</a>, <a title=""Usha Sewing Machines India"" href=""https://www.ushasew.com/"" target=""_blank"" rel=""nofollow noopener"">Usha</a>, <a title=""Jack Sewing Machines"" href=""https://www.jacksew.com/"" target=""_blank"" rel=""nofollow noopener"">Jack</a> and industrial lockstitch or zigzag machines, this feed dog ensures smooth, uniform fabric feeding and improves stitch quality.\n\nMade from premium-grade metal, the feed dog is durable, rust-resistant, and engineered for long-term performance. Replacing a worn or damaged feed dog restores proper fabric movement, reduces skipped stitches, and enhances your machine’s efficiency.\n\nPerfect for tailoring shops, garment factories, quilting, embroidery, and home sewing, this high-quality replacement feed dog ensures reliable performance for all sewing tasks.\n<h4>Key Features of Feed Dog for Sewing Machines</h4>\n<ul>\n 	<li>High-quality replacement feed dog for sewing machines</li>\n 	<li>Smooth and consistent fabric feeding for precise stitching</li>\n 	<li>Compatible with domestic and industrial machines</li>\n 	<li>Durable, rust-resistant metal construction</li>\n 	<li>Ideal for lockstitch, zig-zag, and embroidery machines</li>\n 	<li>Restores proper stitch formation and prevents skipped stitches</li>\n 	<li>Suitable for tailoring, quilting, embroidery, and home sewing</li>\n</ul>\n<h4><strong>Related Categories:</strong></h4>\n<ul>\n 	<li><a title=""Embroidery Sewing Machines"" href=""https://kingtailors.co.in/sewing-machines-category/embroidery-machines/"">Embroidery Sewing Machines</a></li>\n 	<li><a title=""Heavy Duty Sewing Machines"" href=""https://kingtailors.co.in/sewing-machines-category/heavy-duty-machines/"">Heavy-Duty Sewing Machines</a></li>\n 	<li><a title=""Industrial Sewing Machines"" href=""https://kingtailors.co.in/sewing-machines-category/industrial-machines/"">Industrial Sewing Machines</a></li>\n 	<li><a title=""Manual or Hand Operated Sewing Machines"" href=""https://kingtailors.co.in/sewing-machines-category/manual-machines/"">Manual/Hand Operated Sewing Machines</a></li>\n 	<li><a title=""Overlock Sewing Machines"" href=""https://kingtailors.co.in/sewing-machines-category/overlock-machines/"">Overlock Sewing Machines</a></li>\n</ul>\nNote: Prices shown are indicative only. Final pricing may vary based on product size, quality, specifications, and customization.",,,taxable,,1,,,0,0,,,,,1,,70,199,"Accessories, Accessories > Machine Accessory",,,http://localhost:8080/wordpress/wp-content/uploads/2025/12/Feed-Dog-for-Sewing-Machines.webp,,,,,,,,,0,,Generic,,,,,,,,,,,,index,199,field_69575d74b79dd,70,field_69575d74b7ed4,1,73,Feed Dog for Sewing Machines,on,25,,,,,,,,,,,http://localhost:8080/wordpress/?p=2878,,,,,,,,,,,,,,,,,,,,,,,,,,,,,,,,,,,,,,,,,,,,,,,,,,,
634,simple,KT634AS,,Throat Plate Or Needle Plate,1,0,visible,"Shop durable throat plate or needle plate for sewing machines. High-precision needle plate for smooth fabric feeding, easy installation, and long-lasting performance.","High-Quality Throat Plate or Needle Plate is an essential component of a sewing machine, providing a flat and stable surface for fabric while guiding the needle for accurate stitch formation. Designed for domestic machines like Singer, Brother, Usha, and Jack, as well as industrial lockstitch and zig-zag machines, it ensures smooth fabric feeding, proper needle alignment, and consistent stitching quality. Made from premium-grade metal, the needle plate is durable, rust-resistant, and built to withstand heavy use. Replacing a worn or damaged needle plate prevents skipped stitches, needle bending, and fabric damage, improving your sewing machine’s performance. Ideal for home sewing, tailoring, embroidery, quilting, and garment production, this high-quality replacement part ensures professional results every time.\n<h4>Key Features of Throat Plate or Needle Plate</h4>\n<ul>\n 	<li>Durable throat plate or needle plate for sewing machines</li>\n 	<li>Ensures smooth needle movement and precise stitch formation</li>\n 	<li>Compatible with domestic and industrial sewing machines</li>\n 	<li>Rust-resistant, premium-grade metal construction</li>\n 	<li>Suitable for lockstitch, zig-zag, and embroidery machines</li>\n 	<li>Prevents skipped stitches, needle bending, and fabric damage</li>\n 	<li>Ideal for home sewing, tailoring, quilting, and embroidery projects</li>\n 	<li>Easy to install and replace</li>\n</ul>\n<h4>Related Products:</h4>\n<ul>\n 	<li><a title=""Embroidery Sewing Machines"" href=""/sewing-machines-category/embroidery/"">Embroidery Sewing Machines</a></li>\n 	<li><a title=""Heavy Duty Sewing Machines"" href=""/sewing-machines-category/heavy-duty/"">Heavy Duty Sewing Machines</a></li>\n 	<li><a title=""Industrial Sewing Machines"" href=""/sewing-machines-category/industrial/"">Industrial Sewing Machines</a></li>\n 	<li><a title=""Manual or Hand Operated Sewing Machines"" href=""/sewing-machines-category/manual/"">Manual/Hand Operated Sewing Machines</a></li>\n 	<li><a title=""Overlock Sewing Machines"" href=""/sewing-machines-category/overlock/"">Overlock Sewing Machines</a></li>\n</ul>\nNote: Prices shown are indicative only. Final pricing may vary based on product size, quality, specifications, and customization.",,,taxable,,1,,,0,0,,,,,1,,150,299,"Accessories, Accessories > Machine Accessory",,,http://localhost:8080/wordpress/wp-content/uploads/2025/12/Throat-or-Needle-Plate-for-Sewing-Machines.webp,,,,,,,,,0,,Generic,,,,,,,,,,,,index,299,field_69575d74b79dd,150,field_69575d74b7ed4,1,73,"Throat Plate or Needle Plate,needle plate",on,24,,,,,,,,,,,http://localhost:8080/wordpress/?p=2821,,,,,,,,,,,,,,,,,,,,,,,,,,,,,,,,,,,,,,,,,,,,,,,,,,,
636,simple,KT636AS,,Tension Assembly,1,0,visible,"Buy high-quality tension assembly for sewing machines. Durable, easy to install, and compatible with most machines for smooth, precise stitching performance.","Tension Assembly is a vital sewing machine component that controls the tightness of the thread, ensuring smooth, uniform stitches and preventing loose or puckered seams. Compatible with domestic machines like <a title=""Singer Sewing Machines India"" href=""https://singerindia.com/"" target=""_blank"" rel=""nofollow noopener noindex"">Singer</a>, <a title=""Brother Sewing Machines"" href=""https://www.brother.in/en/sewing-machines"" target=""_blank"" rel=""nofollow noopener noindex"">Brother</a>, <a title=""Usha Sewing Machines India"" href=""https://www.ushasew.com/"" target=""_blank"" rel=""nofollow noopener noindex"">Usha</a>, <a title=""Jack Sewing Machines"" href=""https://www.jacksew.com/"" target=""_blank"" rel=""nofollow noopener noindex"">Jack</a>, as well as industrial lockstitch and zig-zag machines, this assembly is suitable for a wide range of sewing applications.\n\nCrafted from premium-grade materials, the tension assembly is durable, rust-resistant, and designed for long-lasting performance. Proper tension adjustment prevents thread breakage, skipped stitches, and uneven seams, improving both machine efficiency and stitch quality.\n\nIdeal for tailoring shops, garment factories, embroidery, quilting, and home sewing, this high-quality assembly guarantees reliable and professional results for all your sewing projects.\n<h4>Key Features of Tension Assembly</h4>\n<ul>\n 	<li>Adjustable tension assembly for consistent stitch quality</li>\n 	<li>Compatible with domestic and industrial sewing machines</li>\n 	<li>Controls thread tightness to prevent loose or puckered seams</li>\n 	<li>Durable and rust-resistant construction</li>\n 	<li>Suitable for lockstitch, zig-zag, and embroidery machines</li>\n 	<li>Prevents thread breakage and skipped stitches</li>\n 	<li>Ideal for home sewing, tailoring, quilting, and garment production</li>\n 	<li>Easy to install and replace</li>\n</ul>\n<h4><strong>Related Categories:</strong></h4>\n<ul>\n 	<li><a title=""Embroidery Sewing Machines"" href=""https://kingtailors.co.in/sewing-machines-category/embroidery-machines/"">Embroidery Sewing Machines</a></li>\n 	<li><a title=""Heavy Duty Sewing Machines"" href=""https://kingtailors.co.in/sewing-machines-category/heavy-duty-machines/"">Heavy-Duty Sewing Machines</a></li>\n 	<li><a title=""Industrial Sewing Machines"" href=""https://kingtailors.co.in/sewing-machines-category/industrial-machines/"">Industrial Sewing Machines</a></li>\n 	<li><a title=""Manual or Hand Operated Sewing Machines"" href=""https://kingtailors.co.in/sewing-machines-category/manual-machines/"">Manual/Hand Operated Sewing Machines</a></li>\n 	<li><a title=""Overlock Sewing Machines"" href=""https://kingtailors.co.in/sewing-machines-category/overlock-machines/"">Overlock Sewing Machines</a></li>\n</ul>",,,taxable,,1,,,0,0,,,,,1,,120,299,"Accessories, Accessories > Machine Accessory",,,http://localhost:8080/wordpress/wp-content/uploads/2025/12/Tension-Assembly-for-Sewing-Machines.webp,,,,,,,,,0,,Generic,,,,,,,,,,,,index,499,field_69575d74b79dd,120,field_69575d74b7ed4,1,72,"Tension Assembly,durable thread tension unit for tailoring machines,affordable sewing machine tension regulator,high performance tension assembly for industrial machines,best tension assembly for sewing machine replacement",on,23,,,,,,,,,,,http://localhost:8080/wordpress/?p=2876,,Tension Assembly | Durable Thread Tension Unit Replacement, %excerpt%,119,,,,,,,,,,,,,,,,,,,,,,,,,,,,,,,,,,,,,,,,,,,,,,,
638,simple,KT638AS,,Drive Belt - V-Belt,1,0,visible,"<p>High-quality Drive Belt V-Belt ensures smooth power transmission and efficient operation in domestic and industrial sewing machines. Durable, long-lasting, and compatible with most lockstitch and zig-zag machines.</p>","<p>Drive Belt - V-belt is an essential <a href=""https://kingtailors.co.in/sewing-machines/"">sewing machine</a> component responsible for transmitting power from the motor to the sewing mechanism, enabling smooth needle movement and consistent stitch formation. Compatible with domestic machines like Singer, Brother, and Usha, as well as industrial lockstitch and zig-zag machines, it ensures reliable performance and reduces machine wear. Manufactured from premium-grade rubber and reinforced materials, the belt is durable, flexible, and built to withstand prolonged use. A high-quality drive belt reduces slippage, vibration, and noise, improving machine efficiency and longevity. Perfect for tailoring shops, garment factories, embroidery, quilting, and home sewing, this V-belt is a reliable replacement part for maintaining the optimal performance of your sewing machine.</p>\n<h4><strong>Key Features of Drive Belt - V-Belt </strong></h4>\n<ul>\n<li>Durable drive belt - V-belt for sewing machines</li>\n<li>Ensures smooth power transmission and consistent stitching</li>\n<li>Compatible with domestic and industrial sewing machines</li>\n<li>Made from premium-grade rubber for long-lasting use</li>\n<li>Reduces slippage, vibration, and operational noise</li>\n<li>Suitable for lockstitch, zig-zag, and <a href=""https://kingtailors.co.in/sewing-machines-category/embroidery-machines/"">embroidery machines</a></li>\n<li>Ideal for tailoring shops, home sewing, quilting, and garment production</li>\n<li>Easy to replace and maintain</li>\n</ul>\n<h4><strong>Related Categories:</strong></h4>\n<ul>\n<li><a title=""Embroidery Sewing Machines"" href=""https://kingtailors.co.in/sewing-machines-category/embroidery-machines/"">Embroidery Sewing Machines</a></li>\n<li><a title=""Heavy Duty Sewing Machines"" href=""https://kingtailors.co.in/sewing-machines-category/heavy-duty-machines/"">Heavy-Duty Sewing Machines</a></li>\n<li><a title=""Industrial Sewing Machines"" href=""https://kingtailors.co.in/sewing-machines-category/industrial-machines/"">Industrial Sewing Machines</a></li>\n<li><a title=""Manual or Hand Operated Sewing Machines"" href=""https://kingtailors.co.in/sewing-machines-category/manual-machines/"">Manual/Hand Operated Sewing Machines</a></li>\n<li><a title=""Overlock Sewing Machines"" href=""https://kingtailors.co.in/sewing-machines-category/overlock-machines/"">Overlock Sewing Machines</a></li>\n</ul>\n<!-- wp:paragraph -->\n<p>&nbsp;</p>\n<!-- /wp:paragraph -->",,,taxable,,1,,,0,0,,,,,1,,30,99,"Accessories, Accessories > Machine Accessory",,,http://localhost:8080/wordpress/wp-content/uploads/2025/12/Drive-Belt-or-V-Belt-for-Sewing-Machines.webp,,,,,,,,,0,,Generic,,,,,,,,,,,,index,199,field_69575d74b79dd,30,field_69575d74b7ed4,1,78,"Drive Belt - V-Belt,best V-belt for sewing machine replacement,affordable sewing machine motor belt,high performance sewing machine replacement belt,durable drive belt for industrial sewing machines",on,22,,,,,,,,,,,http://localhost:8080/wordpress/?p=2875,,,,119,,,,,,,,,,,,,,,,,,,,,,,,,,,,,,,,,,,,,,,,,,,,,,,
640,simple,KT640AS,,Sewing Machine Motor,1,0,visible,"High-performance Sewing Machine Motor designed for smooth, reliable, and energy-efficient operation. Compatible with domestic and industrial sewing machines, ideal for lockstitch, zig-zag, and embroidery machines.","<strong>Sewing Machine Motor</strong>\n\nUpgrade your sewing machine’s performance with this high-quality Sewing Machine Motor, engineered for long-lasting durability, high efficiency, and smooth operation. Compatible with domestic machines like Singer, Brother, Usha, as well as industrial lockstitch, zig-zag, and embroidery machines, this motor ensures consistent power and precise stitching.\n\nBuilt from premium-grade materials, the motor is durable, low-noise, and energy-efficient, providing reliable operation for both home and professional tailoring setups. Ideal for garment factories, tailoring shops, embroidery units, quilting, and home sewing, it ensures your sewing machine runs at optimal speed and efficiency.\n\nInstalling a robust sewing machine motor reduces wear and tear on other machine parts, improves stitch consistency, and enhances overall productivity.\n\n<strong>Key Features</strong>\n<ul>\n 	<li>Heavy-duty sewing machine motor for domestic &amp; industrial machines</li>\n 	<li>Smooth and reliable operation for consistent stitching</li>\n 	<li>Energy-efficient motor reduces electricity consumption</li>\n 	<li>Low-noise performance for a comfortable working environment</li>\n 	<li>Durable, long-lasting construction</li>\n 	<li>Compatible with lockstitch, zig-zag, and embroidery machines</li>\n 	<li>Ideal for tailoring shops, garment factories, home sewing, and embroidery units</li>\n 	<li>Easy to install and maintain</li>\n</ul>",,,taxable,,1,,,0,0,,,,,1,,,,"Accessories, Accessories > Machine Accessory",,,http://localhost:8080/wordpress/wp-content/uploads/2025/12/Sewing-Machine-Motor.webp,,,,,,,,,0,,Generic,,,,,,,,,,,,index,,field_69575d74b79dd,,field_69575d74b7ed4,1,,,,57,,,,,,,,,,,,,,,,,,,,,,,,,,,,,,,,,,,,,,,,,,,,,,,,,,,,,,,,,,,,,,
642,simple,KT642AS,,Foot Control Pedal,1,0,visible,"High-quality Foot Control Pedal for domestic and industrial sewing machines. Smoothly controls machine speed, ensures precise stitching, and enhances overall sewing performance.","Foot Control Pedal is an essential accessory for sewing machines, allowing you to regulate stitching speed with precision. Compatible with domestic machines like Singer, Brother, Usha, as well as industrial lockstitch, zig-zag, and embroidery machines, this pedal ensures consistent control for smooth, professional sewing results.\n\nCrafted with durable, high-grade materials, the pedal is built to last, providing reliable performance even during prolonged use. Its ergonomic design ensures comfort for the user, reducing fatigue during long sewing sessions.\n\nIdeal for tailoring shops, garment factories, home sewing, and embroidery units, the Foot Control Pedal improves machine efficiency, stitch accuracy, and overall sewing experience.\n\n<strong>Key Features</strong>\n<ul>\n 	<li>Foot-operated speed controller for sewing machines</li>\n 	<li>Smooth and precise speed regulation</li>\n 	<li>Compatible with domestic and industrial machines</li>\n 	<li>Durable construction for long-lasting performance</li>\n 	<li>Ergonomic design for comfortable operation</li>\n 	<li>Ideal for lockstitch, zig-zag, and embroidery machines</li>\n 	<li>Suitable for home sewing, tailoring shops, garment factories, and embroidery units</li>\n 	<li>Easy to connect and use</li>\n</ul>",,,taxable,,1,,,0,0,,,,,1,,,,"Accessories, Accessories > Machine Accessory",,,http://localhost:8080/wordpress/wp-content/uploads/2025/12/Foot-Control-Pedal-for-Sewing-Machines.webp,,,,,,,,,0,,Generic,,,,,,,,,,,,index,,field_69575d74b79dd,,field_69575d74b7ed4,1,,,,56,,,,,,,,,,,,,,,,,,,,,,,,,,,,,,,,,,,,,,,,,,,,,,,,,,,,,,,,,,,,,,
644,simple,KT644AS,,Hand Wheel and Balance Wheel,1,0,visible,"High-quality Hand Wheel and Balance Wheel for domestic and industrial sewing machines. Ensures smooth manual operation, precise stitch control, and reliable performance for lockstitch, zig-zag, and embroidery machines.","Hand Wheel and Balance Wheel is an essential component of a sewing machine, allowing users to manually control needle movement and stitch formation. Compatible with domestic machines like Singer, Brother, Usha, as well as industrial lockstitch and zig-zag machines, it ensures precise stitching and reliable operation.\n\nManufactured from premium-grade metal, the hand wheel is durable, rust-resistant, and built to withstand prolonged use. It helps regulate machine speed manually, making it easier to start stitching accurately, work on delicate fabrics, or adjust machine settings during maintenance.\n\nIdeal for tailoring shops, garment factories, home sewing, quilting, and embroidery units, this hand wheel is a must-have replacement for smooth sewing machine operation.\n\n<strong>Key Features</strong>\n<ul>\n 	<li>High-quality hand wheel / balance wheel for sewing machines</li>\n 	<li>Smooth manual control for needle and stitch movement</li>\n 	<li>Durable and rust-resistant construction</li>\n 	<li>Compatible with domestic and industrial machines</li>\n 	<li>Suitable for lockstitch, zig-zag, and embroidery machines</li>\n 	<li>Improves stitch precision and machine control</li>\n 	<li>Ideal for home sewing, tailoring shops, garment factories, and embroidery units</li>\n 	<li>Easy to install and maintain</li>\n</ul>",,,taxable,,1,,,0,0,,,,,1,,,,"Accessories, Accessories > Machine Accessory",,,http://localhost:8080/wordpress/wp-content/uploads/2025/12/Hand-Wheel-and-Balance-Wheel-for-Sewing-Machines.webp,,,,,,,,,0,,Generic,,,,,,,,,,,,index,,field_69575d74b79dd,,field_69575d74b7ed4,1,,,,54,,,,,,,,,,,,,,,,,,,,,,,,,,,,,,,,,,,,,,,,,,,,,,,,,,,,,,,,,,,,,,
646,simple,KT646AS,,Take-Up Lever,1,0,visible,"High-quality Take-Up Lever for domestic and industrial sewing machines. Ensures proper thread tension, smooth stitch formation, and consistent sewing performance.","Take-Up Lever is a crucial sewing machine component that guides thread from the spool to the needle, ensuring consistent stitch formation and proper tension. Compatible with domestic machines like Singer, Brother, Usha, and industrial lockstitch and zig-zag machines, this lever helps prevent skipped stitches and thread breakage.\n\nMade from premium-grade metal, the take-up lever is durable, rust-resistant, and designed for long-term use. Replacing a worn or damaged lever restores smooth thread movement, improves stitch quality, and ensures reliable machine performance.\n\nIdeal for tailoring shops, garment factories, home sewing, quilting, and embroidery projects, this take-up lever is an essential replacement part for professional-quality stitching.\n\n<strong>Key Features</strong>\n<ul>\n 	<li>High-quality take-up lever for sewing machines</li>\n 	<li>Ensures proper thread tension and smooth stitch formation</li>\n 	<li>Durable, rust-resistant metal construction</li>\n 	<li>Compatible with domestic and industrial machines</li>\n 	<li>Suitable for lockstitch, zig-zag, and embroidery machines</li>\n 	<li>Prevents skipped stitches and thread breakage</li>\n 	<li>Ideal for home sewing, tailoring shops, quilting, and embroidery</li>\n 	<li>Easy to install and maintain</li>\n</ul>",,,taxable,,1,,,0,0,,,,,1,,,,"Accessories, Accessories > Machine Accessory",,,http://localhost:8080/wordpress/wp-content/uploads/2025/12/Take-Up-Lever-for-Sewing-Machines.webp,,,,,,,,,0,,Generic,,,,,,,,,,,,index,,field_69575d74b79dd,,field_69575d74b7ed4,1,,,,53,,,,,,,,,,,,,,,,,,,,,,,,,,,,,,,,,,,,,,,,,,,,,,,,,,,,,,,,,,,,,,
648,simple,KT648AS,,Needle Bar and Presser Bar,1,0,visible,"High-quality Needle Bar and Presser Bar for domestic and industrial sewing machines. Ensures precise needle and presser foot movement, smooth stitching, and consistent sewing performance.","Needle Bar and Presser Bar are essential components of any sewing machine, providing accurate needle positioning and stable presser foot movement. Compatible with domestic machines like Singer, Brother, Usha, as well as industrial lockstitch and zig-zag machines, these bars ensure smooth operation, consistent stitch quality, and reduced fabric bunching.\n\nCrafted from premium-grade, durable metal, both the needle bar and presser bar are rust-resistant and designed to withstand long-term use. Replacing worn or damaged bars restores proper needle and presser foot alignment, enhances stitch consistency, and improves overall machine performance.\n\nIdeal for tailoring shops, garment factories, embroidery units, quilting, and home sewing, these replacement parts are a must-have for professional-quality stitching.\n\n<strong>Key Features</strong>\n<ul>\n 	<li>Durable needle bar &amp; presser bar for sewing machines</li>\n 	<li>Ensures precise needle and presser foot movement</li>\n 	<li>Rust-resistant, premium-grade metal construction</li>\n 	<li>Compatible with domestic and industrial machines</li>\n 	<li>Suitable for lockstitch, zig-zag, and embroidery machines</li>\n 	<li>Prevents skipped stitches and fabric bunching</li>\n 	<li>Ideal for home sewing, tailoring shops, garment factories, and embroidery</li>\n 	<li>Easy to install and maintain</li>\n</ul>",,,taxable,,1,,,0,0,,,,,1,,,,"Accessories, Accessories > Machine Accessory",,,http://localhost:8080/wordpress/wp-content/uploads/2025/12/Needle-Bar-and-Presser-Bar-for-Sewing-Machines.webp,,,,,,,,,0,,Generic,,,,,,,,,,,,index,,field_69575d74b79dd,,field_69575d74b7ed4,1,,,,52,,,,,,,,,,,,,,,,,,,,,,,,,,,,,,,,,,,,,,,,,,,,,,,,,,,,,,,,,,,,,,
650,simple,KT650AS,,Stand and Table Set,1,0,visible,"High-quality Sewing Machine Stand and Table Set designed for stability, comfort, and efficiency. Suitable for domestic and industrial sewing machines, ensuring smooth operation and organized workspace.","<strong>Stand and Table Set for Sewing Machines</strong>\n\nStand and Table Set is an essential accessory for any sewing setup, providing a stable, ergonomic, and durable surface for domestic and industrial sewing machines. Designed to support both lockstitch and zig-zag machines, this table set ensures smooth machine operation and an organized sewing workspace.\n\nMade from premium-quality materials, the stand/table set is strong, rust-resistant, and built for long-term use. Its design allows for comfortable sewing posture, easy movement, and safe placement of the machine, making it ideal for tailoring shops, garment factories, quilting, embroidery units, and home sewing setups.\n\nWith this stand/table set, you can maximize productivity, maintain proper machine alignment, and ensure consistent, professional-quality stitching for all your sewing projects.\n\n<strong>Key Features</strong>\n<ul>\n 	<li>Durable sewing machine stand / table set</li>\n 	<li>Supports domestic and industrial sewing machines</li>\n 	<li>Stable and ergonomic design for comfortable operation</li>\n 	<li>Rust-resistant and long-lasting construction</li>\n 	<li>Suitable for lockstitch, zig-zag, and embroidery machines</li>\n 	<li>Provides an organized and safe sewing workspace</li>\n 	<li>Ideal for tailoring shops, garment factories, quilting, embroidery, and home sewing</li>\n 	<li>Easy to assemble and maintain</li>\n</ul>",,,taxable,,1,,,0,0,,,,,1,,2999,3999,"Accessories, Accessories > Machine Accessory",,,http://localhost:8080/wordpress/wp-content/uploads/2025/12/Stand-and-Table-Set-for-Sewing-Machines.webp,,,,,,,,,0,,Generic,,,,,,,,,,,,index,4999,field_69575d74b79dd,2999,field_69575d74b7ed4,1,,,,51,,,,,,,,,,,,,,,,,,,,,,,,,,,,,,,,,,,,,,,,,,,,,,,,,,,,,,,,,,,,,,
652,simple,KT652AS,,Bobbin Winder Assembly,1,0,visible,"High-quality Bobbin Winder Assembly for domestic and industrial sewing machines. Ensures smooth, consistent bobbin winding and improves overall sewing efficiency.","Bobbin Winder Assembly is a vital sewing machine component that enables efficient and precise winding of thread onto bobbins. Compatible with domestic machines like Singer, Brother, Usha, as well as industrial lockstitch and zig-zag machines, it ensures smooth bobbin preparation for uninterrupted stitching.\n\nMade from premium-grade materials, this assembly is durable, rust-resistant, and built for long-term use. Replacing a worn or damaged bobbin winder assembly ensures proper thread tension on the bobbin, prevents thread tangling, and enhances overall machine performance.\n\nIdeal for tailoring shops, garment factories, embroidery units, quilting, and home sewing, the bobbin winder assembly is an essential spare part for professional-quality sewing.\n\n<strong>Key Features</strong>\n<ul>\n 	<li>High-quality bobbin winder assembly for sewing machines</li>\n 	<li>Ensures smooth and consistent bobbin winding</li>\n 	<li>Durable, rust-resistant construction for long-lasting use</li>\n 	<li>Compatible with domestic and industrial machines</li>\n 	<li>Suitable for lockstitch, zig-zag, and embroidery machines</li>\n 	<li>Prevents thread tangling and maintains proper bobbin tension</li>\n 	<li>Ideal for home sewing, tailoring shops, garment factories, and embroidery units</li>\n 	<li>Easy to install and maintain</li>\n</ul>",,,taxable,,1,,,0,0,,,,,1,,299,399,"Accessories, Accessories > Machine Accessory",,,http://localhost:8080/wordpress/wp-content/uploads/2025/12/Bobbin-Winder-Assembly.webp,,,,,,,,,0,,Generic,,,,,,,,,,,,index,699,field_69575d74b79dd,299,field_69575d74b7ed4,1,,,,50,,,,,,,,,,,,,,,,,,,,,,,,,,,,,,,,,,,,,,,,,,,,,,,,,,,,,,,,,,,,,,
654,simple,KT654AS,,Cooling Pads for Air Coolers,1,0,visible,"High-quality cooling pads for air coolers, available in Honeycomb, Aspen, and Wood Wool varieties. Enhance airflow, maximize cooling efficiency, and improve indoor comfort for homes, offices, and industrial spaces.\n<strong>Prices shown are indicative only. Final pricing may vary based on product size, quality, specifications, and customization.</strong>","<h5><strong>Cooling Pads for Air Coolers</strong></h5>\nUpgrade your air cooler’s performance with premium Cooling Pads in Honeycomb, Aspen, and Wood Wool types. Designed to maximize evaporative cooling efficiency, these pads ensure optimal airflow, lower temperatures, and enhanced indoor comfort.\n<ul>\n 	<li><strong>Honeycomb Pads:</strong> Durable and high-efficiency pads providing uniform water distribution for better cooling. Ideal for industrial and desert coolers.</li>\n 	<li><strong>Aspen Pads:</strong> Natural cellulose pads that absorb water effectively, delivering long-lasting cooling for residential and commercial air coolers.</li>\n 	<li><strong>Wood Wool Pads:</strong> Traditional cooling pads made from wood fibers, offering cost-effective and reliable performance for smaller coolers.</li>\n</ul>\nAll cooling pads are durable, easy to install, and designed for long-term use. Perfect for home air coolers, tower coolers, desert coolers, and industrial units, these pads improve cooling efficiency, reduce energy consumption, and provide a refreshing indoor environment.\n<h5><strong>Key Features</strong></h5>\n<ul>\n 	<li>High-quality cooling pads for all types of air coolers</li>\n 	<li>Available in Honeycomb, Aspen, and Wood Wool varieties</li>\n 	<li>Improves evaporative cooling efficiency and airflow</li>\n 	<li>Durable, long-lasting, and easy to install</li>\n 	<li>Suitable for residential, commercial, and industrial air coolers</li>\n 	<li>Reduces energy consumption while enhancing cooling</li>\n 	<li>Ideal for tower coolers, desert coolers, and room coolers</li>\n</ul>",,,taxable,,1,,,0,0,,,,,1,,100,299,"Accessories, Accessories > Cooler Accessory",,,http://localhost:8080/wordpress/wp-content/uploads/2025/12/Cooling-Pads-for-Air-Coolers.webp,,,,,,,,,0,,Generic,,,,,,,,,,,,index,299,field_69575d74b79dd,100,field_69575d74b7ed4,1,,,,48,,,,,,,,,,,,,,,,,,,,,,,,,,,,,,,,,,,,,,,,,,,,,,,,,,,,,,,,,,,,,,
656,simple,KT656AS,,Pump Motors,1,0,visible,"High-quality Pump Motor for air coolers ensures consistent water circulation, efficient cooling, and long-lasting performance. Compatible with residential, tower, and industrial air coolers.","Pump Motor for Air Coolers is an essential component that ensures smooth water circulation over cooling pads, maximizing cooling efficiency and performance. Designed for residential, tower, and industrial air coolers, this pump motor is built to withstand continuous operation and deliver reliable performance.\n\nMade from premium-grade materials, it is durable, energy-efficient, and rust-resistant, providing long-term operation with minimal maintenance. Replacing a worn or damaged pump motor improves water flow, enhances cooling efficiency, and extends the life of your air cooler.\n\nIdeal for home air coolers, tower coolers, desert coolers, and industrial units, this pump motor guarantees optimal cooling performance and consistent indoor comfort.\n\n<strong>Key Features</strong>\n<ul>\n 	<li>Durable pump motor for all types of air coolers</li>\n 	<li>Ensures smooth water circulation over cooling pads</li>\n 	<li>Compatible with residential, tower, and industrial coolers</li>\n 	<li>Rust-resistant, energy-efficient, and long-lasting construction</li>\n 	<li>Improves cooling efficiency and reduces energy consumption</li>\n 	<li>Easy to install and maintain</li>\n 	<li>Ideal for home, commercial, and industrial air cooler units</li>\n</ul>",,,taxable,,1,,,0,0,,,,,1,,,,"Accessories, Accessories > Cooler Accessory",,,http://localhost:8080/wordpress/wp-content/uploads/2025/12/Pump-Motor-for-Air-Coolers.webp,,,,,,,,,0,,Generic,,,,,,,,,,,,index,,field_69575d74b79dd,,field_69575d74b7ed4,1,,,,47,,,,,,,,,,,,,,,,,,,,,,,,,,,,,,,,,,,,,,,,,,,,,,,,,,,,,,,,,,,,,,
658,simple,KT658AS,,Fan Blades,1,0,visible,"High-quality Fan Blades for air coolers, available in 12”, 14”, and 16” sizes. Ensures efficient airflow, improved cooling performance, and long-lasting operation for residential, tower, and industrial air coolers.","<strong>Fan Blades for Air Cooler Universal Size</strong>\n\nUpgrade your air cooler’s efficiency with premium Fan Blades designed for optimal airflow and enhanced cooling performance. Available in 12”, 14”, and 16” sizes, these blades are compatible with a wide range of residential, tower, and industrial air coolers.\n\nMade from durable, lightweight, and corrosion-resistant materials, these fan blades are engineered to withstand continuous operation while maintaining balanced rotation and minimal noise. Replacing old or damaged blades improves air circulation, reduces energy consumption, and enhances overall cooling efficiency.\n\nPerfect for home air coolers, desert coolers, tower coolers, and industrial units, these high-quality fan blades ensure consistent and effective cooling throughout the room or workspace.\n\n<strong>Key Features</strong>\n<ul>\n 	<li>Available in 12”, 14”, and 16” sizes for various air coolers</li>\n 	<li>Durable, lightweight, and corrosion-resistant construction</li>\n 	<li>Ensures optimal airflow and improved cooling efficiency</li>\n 	<li>Compatible with residential, tower, and industrial air coolers</li>\n 	<li>Reduces noise and energy consumption during operation</li>\n 	<li>Easy to replace and maintain</li>\n 	<li>Ideal for home, office, and industrial cooling applications</li>\n</ul>",,,taxable,,1,,,0,0,,,,,1,,,,"Accessories, Accessories > Cooler Accessory",,,http://localhost:8080/wordpress/wp-content/uploads/2025/12/Fan-Blades-for-Air-Cooler.webp,,,,,,,,,0,,Generic,,,,,,,,,,,,index,,field_69575d74b79dd,,field_69575d74b7ed4,1,,,,45,,,,,,,,,,,,,,,,,,,,,,,,,,,,,,,,,,,,,,,,,,,,,,,,,,,,,,,,,,,,,,
660,simple,KT660AS,,Swing Motors,1,0,visible,"High-quality Swing Motor for air coolers ensures smooth oscillation and even air distribution. Compatible with tower, room, and industrial air coolers, built for long-lasting performance.","Swing Motor for Air Coolers is an essential component that controls the oscillation of the cooler’s fan, ensuring uniform airflow across the room for consistent cooling. Designed for residential, tower, and industrial air coolers, this motor guarantees smooth and reliable operation.\n\nConstructed from premium-grade materials, the swing motor is durable, energy-efficient, and rust-resistant. Replacing a worn or faulty swing motor restores proper fan oscillation, improves cooling distribution, and enhances overall comfort.\n\nIdeal for home air coolers, desert coolers, tower coolers, and industrial units, this swing motor is a reliable spare part for maintaining optimal performance and even air circulation in any environment.\n\n<strong>Key Features</strong>\n<ul>\n 	<li>Durable swing motor for smooth oscillation</li>\n 	<li>Ensures even air distribution for optimal cooling</li>\n 	<li>Compatible with residential, tower, and industrial air coolers</li>\n 	<li>Rust-resistant, energy-efficient, and long-lasting construction</li>\n 	<li>Reduces noise and improves operational efficiency</li>\n 	<li>Easy to install and maintain</li>\n 	<li>Ideal for home, office, and industrial cooling applications</li>\n</ul>",,,taxable,,1,,,0,0,,,,,1,,,,"Accessories, Accessories > Cooler Accessory",,,http://localhost:8080/wordpress/wp-content/uploads/2025/12/Swing-Motor-for-Air-Coolers.webp,,,,,,,,,0,,Generic,,,,,,,,,,,,index,,field_69575d74b79dd,,field_69575d74b7ed4,1,,,,44,,,,,,,,,,,,,,,,,,,,,,,,,,,,,,,,,,,,,,,,,,,,,,,,,,,,,,,,,,,,,,
662,simple,KT662AS,,Switch Panels,1,0,visible,"Buy high-quality air cooler switch panels in Ozar, Nashik. Durable, safe, and efficient control panels with expert support, installation, and affordable pricing.","<p data-start=""792"" data-end=""1057"">An air cooler switch panel plays a crucial role in controlling your cooler’s speed, pump, and swing functions efficiently. Whether you're repairing an old unit or upgrading for better performance, choosing the right switch panel ensures smooth operation and safety.</p>\n<p data-start=""1059"" data-end=""1249"">At King Tailors in Ozar near Nashik, we offer durable and reliable air cooler switch panels compatible with various models, including desert coolers, tower coolers, and portable air coolers.</p>\n<p data-start=""1251"" data-end=""1498"">Our switch panels are designed with high-quality materials to handle regular use, voltage fluctuations, and long operational hours. Whether you need a complete panel replacement or minor repair, we provide expert guidance and installation support.</p>\n\n<h4>Key Features of Air Cooler Switch Panel</h4>\n<ul>\n 	<li>Durable replacement switch panel for air coolers</li>\n 	<li>Controls fan speed, swing, and cooling functions</li>\n 	<li>Compatible with residential, tower, and industrial air coolers</li>\n 	<li>Made from premium, long-lasting materials</li>\n 	<li>Restores proper cooler functionality and control</li>\n 	<li>Ideal for home, office, and industrial cooling setups</li>\n 	<li data-section-id=""1e3tbu"" data-start=""1525"" data-end=""1574"">Multi-function control (fan speed, pump, swing)</li>\n 	<li data-section-id=""11bixo"" data-start=""1575"" data-end=""1623"">Strong and durable body for long-lasting use</li>\n 	<li data-section-id=""192r40c"" data-start=""1624"" data-end=""1662"">Safe wiring and secure connections</li>\n 	<li data-section-id=""lvb5ee"" data-start=""1663"" data-end=""1709"">Compatible with multiple air cooler brands</li>\n 	<li data-section-id=""uxupx6"" data-start=""1710"" data-end=""1760"">Easy installation and repair support available</li>\n</ul>\n<h4><strong>Related Categories:</strong></h4>\n<ul>\n 	<li><a title=""Embroidery Sewing Machines"" href=""https://kingtailors.co.in/sewing-machines-category/embroidery-machines/"">Embroidery Sewing Machines</a></li>\n 	<li><a title=""Heavy Duty Sewing Machines"" href=""https://kingtailors.co.in/sewing-machines-category/heavy-duty-machines/"">Heavy-Duty Sewing Machines</a></li>\n 	<li><a title=""Industrial Sewing Machines"" href=""https://kingtailors.co.in/sewing-machines-category/industrial-machines/"">Industrial Sewing Machines</a></li>\n 	<li><a title=""Manual or Hand Operated Sewing Machines"" href=""https://kingtailors.co.in/sewing-machines-category/manual-machines/"">Manual/Hand-Operated Sewing Machines</a></li>\n 	<li><a title=""Overlock Sewing Machines"" href=""https://kingtailors.co.in/sewing-machines-category/overlock-machines/"">Overlock Sewing Machines</a></li>\n</ul>\n<h4>People Also Search For</h4>\n<ul>\n 	<li>air cooler switchboard replacement in Nashik</li>\n 	<li>cooler wiring panel repair near Ozar</li>\n 	<li>desert cooler control panel price India</li>\n 	<li>air cooler fan speed switch repair service</li>\n 	<li>cooler switch not working solution</li>\n 	<li>portable air cooler panel spare parts</li>\n</ul>\nNote: Prices shown are indicative only. Final pricing may vary based on product size, quality, specifications, and customization.",,,taxable,,1,,,0,0,,,,,1,,,,"Accessories, Accessories > Cooler Accessory",,,http://localhost:8080/wordpress/wp-content/uploads/2025/12/Air-Cooler-Switch-Panel-1.webp,,,,,,,,,0,,Generic,,,,,,,,,,,,index,,field_69575d74b79dd,,field_69575d74b7ed4,1,73,Air Cooler Switch Panel,on,43,,,,,,,,,,,,,,,,,,,,,,,,,,,,,,,,,,,,,,,,,,,,,,,,,,,,,,,,,,,,,,
664,simple,KT664AS,,Knobs And Regulators,1,0,visible,"Buy knobs and regulators for air coolers in Ozar, Nashik. Smooth, durable & high-quality control parts with expert support and best prices.","<p data-start=""759"" data-end=""1004"">Knobs and regulators are essential control components of an air cooler, allowing users to adjust fan speed, cooling levels, and overall performance with ease. Properly functioning controls ensure smooth operation and a better cooling experience.</p>\n<p data-start=""1006"" data-end=""1259"">At our store in Ozar, Nashik, we offer a wide range of high-quality knobs and regulators suitable for various types of air coolers, including desert, portable, and tower models. These components are designed for durability, precision, and long-term use.</p>\n<p data-start=""1261"" data-end=""1490"">Whether your cooler knob is damaged, loose, or not functioning properly, we provide reliable replacement options that fit different models. Our team helps you select compatible parts to ensure proper installation and performance.</p>\n<p data-start=""1492"" data-end=""1686"">In addition to spare parts, we also provide expert guidance and repair services to keep your air cooler running efficiently. Visit us for dependable products, fair pricing, and complete support.</p>\n\n<h4>Key Features of Knobs And Regulators</h4>\n<ul>\n 	<li>Durable replacement knobs and regulators for air coolers</li>\n 	<li>Allows precise control of fan speed, swing, and cooling functions</li>\n 	<li>Compatible with residential, tower, and industrial air coolers</li>\n 	<li>Made from high-quality, long-lasting materials</li>\n 	<li>Restores proper control and functionality of your cooler</li>\n 	<li>Easy to install and maintain</li>\n 	<li>Ideal for home, office, and industrial cooling applications</li>\n</ul>\n<h4><strong>Related Categories:</strong></h4>\n<ul>\n 	<li><a title=""Embroidery Sewing Machines"" href=""https://kingtailors.co.in/sewing-machines-category/embroidery-machines/"">Embroidery Sewing Machines</a></li>\n 	<li><a title=""Heavy Duty Sewing Machines"" href=""https://kingtailors.co.in/sewing-machines-category/heavy-duty-machines/"">Heavy-Duty Sewing Machines</a></li>\n 	<li><a title=""Industrial Sewing Machines"" href=""https://kingtailors.co.in/sewing-machines-category/industrial-machines/"">Industrial Sewing Machines</a></li>\n 	<li><a title=""Manual or Hand Operated Sewing Machines"" href=""https://kingtailors.co.in/sewing-machines-category/manual-machines/"">Manual/Hand-Operated Sewing Machines</a></li>\n 	<li><a title=""Overlock Sewing Machines"" href=""https://kingtailors.co.in/sewing-machines-category/overlock-machines/"">Overlock Sewing Machines</a></li>\n</ul>\n<h4>People Also Search For</h4>\n<ul>\n 	<li>air cooler knob replacement in Ozar Nashik</li>\n 	<li>cooler regulator price Nashik</li>\n 	<li>air cooler speed control switch</li>\n 	<li>cooler not changing speed solution</li>\n 	<li>air cooler repair near me</li>\n 	<li>cooler spare parts shop Nashik</li>\n 	<li>desert cooler regulator wiring</li>\n 	<li>cooler switch panel repair</li>\n</ul>\nNote: Prices shown are indicative only. Final pricing may vary based on product size, quality, specifications, and customization.",,,taxable,,1,,,0,0,,,,,1,,,,"Accessories, Accessories > Cooler Accessory",,,http://localhost:8080/wordpress/wp-content/uploads/2025/12/Knobs-and-Regulators-for-Air-Coolers.webp,,,,,,,,,0,,Generic,,,,,,,,,,,,index,,field_69575d74b79dd,,field_69575d74b7ed4,1,73,knobs and regulators,on,42,,,,,,,,,,,,,,,,,,,,,,,,,,,,,,,,,,,,,,,,,,,,,,,,,,,,,,,,,,,,,,
668,simple,KT668AS,,Water Pipes And Hose Connectors,1,0,visible,"Buy water pipes and hose connectors for air coolers in Ozar, Nashik. Leak-proof, durable & high-quality parts with expert support and best prices.","<p data-start=""811"" data-end=""1080"">Water pipes and hose connectors are essential components in an air cooler, ensuring smooth water flow to cooling pads for effective cooling performance. High-quality pipes and connectors help prevent leakage, maintain proper circulation, and improve overall efficiency.</p>\n<p data-start=""1082"" data-end=""1363"">At our store in Ozar, Nashik, we offer a wide range of durable water pipes and hose connectors suitable for all types of air coolers, including desert, tower, and portable models. Our products are designed for long-lasting use and reliable performance even in continuous operation.</p>\n<p data-start=""1365"" data-end=""1603"">Whether you need replacement pipes or connectors, we provide options that fit different cooler models and requirements. Our team assists you in selecting the right size and type to ensure proper compatibility and hassle-free installation.</p>\n<p data-start=""1605"" data-end=""1800"">We also provide expert guidance and repair services to help maintain your air cooler in top condition. Visit us for dependable products, fair pricing, and complete support for your cooling needs.</p>\n\n<h4>Key Features of Water Pipes And Hose Connectors</h4>\n<ul>\n 	<li>High-quality water pipes &amp; hose connectors for air coolers</li>\n 	<li>Ensures smooth water flow and proper connections</li>\n 	<li>Compatible with residential, tower, and industrial air coolers</li>\n 	<li>Made from durable, corrosion-resistant materials</li>\n 	<li>Improves water distribution and cooler efficiency</li>\n 	<li>Prevents leakage and water blockages</li>\n 	<li>Easy to install and maintain</li>\n 	<li>Ideal for home, office, and industrial air cooler units</li>\n</ul>\n<h4><strong>Related Categories:</strong></h4>\n<ul>\n 	<li><a title=""Embroidery Sewing Machines"" href=""https://kingtailors.co.in/sewing-machines-category/embroidery-machines/"">Embroidery Sewing Machines</a></li>\n 	<li><a title=""Heavy Duty Sewing Machines"" href=""https://kingtailors.co.in/sewing-machines-category/heavy-duty-machines/"">Heavy-Duty Sewing Machines</a></li>\n 	<li><a title=""Industrial Sewing Machines"" href=""https://kingtailors.co.in/sewing-machines-category/industrial-machines/"">Industrial Sewing Machines</a></li>\n 	<li><a title=""Manual or Hand Operated Sewing Machines"" href=""https://kingtailors.co.in/sewing-machines-category/manual-machines/"">Manual/Hand-Operated Sewing Machines</a></li>\n 	<li><a title=""Overlock Sewing Machines"" href=""https://kingtailors.co.in/sewing-machines-category/overlock-machines/"">Overlock Sewing Machines</a></li>\n</ul>\n<h4>People Also Search For</h4>\n<ul>\n 	<li>air cooler water pipe replacement in Ozar Nashik</li>\n 	<li>cooler hose connector price Nashik</li>\n 	<li>air cooler water leakage problem solution</li>\n 	<li>cooler pump pipe connection</li>\n 	<li>desert cooler pipe fitting</li>\n 	<li>air cooler repair near me</li>\n 	<li>cooler spare parts shop Nashik</li>\n 	<li>water flow issue in air cooler</li>\n</ul>\nNote: Prices shown are indicative only. Final pricing may vary based on product size, quality, specifications, and customization.",,,taxable,,1,,,0,0,,,,,1,,15,49,"Accessories, Accessories > Cooler Accessory",,,http://localhost:8080/wordpress/wp-content/uploads/2025/12/Water-Pipes-and-Hose-Connectors-for-Air-Coolers.webp,,,,,,,,,0,,Generic,,,,,,,,,,,,index,49,field_69575d74b79dd,15,field_69575d74b7ed4,1,73,water pipes and hose,on,39,,,,,,,,,,,,,,,,,,,,,,,,,,,,,,,,,,,,,,,,,,,,,,,,,,,,,,,,,,,,,,
670,simple,KT670AS,,Caster Wheels,1,0,visible,"Buy caster wheels and stands for air coolers in Ozar, Nashik. Strong, durable & easy-move solutions with affordable prices and expert support.","<p data-start=""761"" data-end=""1009"">Caster wheels and stands are essential accessories that enhance the mobility and stability of air coolers. They allow you to move your cooler easily from one place to another, making them especially useful for homes, offices, and commercial spaces.</p>\n<p data-start=""1011"" data-end=""1307"">At our store in Ozar, Nashik, we offer a wide range of high-quality caster wheels and sturdy stands designed for different types of air coolers, including desert, portable, and tower models. These components are built with durable materials to ensure long-lasting performance and smooth movement.</p>\n<p data-start=""1309"" data-end=""1525"">Whether you need replacement wheels or a complete stand, we provide reliable options suitable for various cooler sizes and weights. Our team helps you choose the right accessories based on your specific requirements.</p>\n<p data-start=""1527"" data-end=""1716"">We also offer expert guidance and repair services to ensure proper fitting and functionality. Visit us for dependable products, fair pricing, and complete support for your air cooler needs.</p>\n\n<h4>Key Features of Caster Wheels:</h4>\n<ul>\n 	<li>Durable caster wheels &amp; stands for air coolers</li>\n 	<li>Provides easy mobility and stable placement</li>\n 	<li>Compatible with residential, tower, and industrial air coolers</li>\n 	<li>Made from premium, corrosion-resistant, and long-lasting materials</li>\n 	<li>Prevents tipping and ensures safe operation</li>\n 	<li>Easy to install and maintain</li>\n 	<li>Ideal for home, office, and industrial air cooler units</li>\n</ul>\n<h4><strong>Related Categories:</strong></h4>\n<ul>\n 	<li><a title=""Embroidery Sewing Machines"" href=""https://kingtailors.co.in/sewing-machines-category/embroidery-machines/"">Embroidery Sewing Machines</a></li>\n 	<li><a title=""Heavy Duty Sewing Machines"" href=""https://kingtailors.co.in/sewing-machines-category/heavy-duty-machines/"">Heavy-Duty Sewing Machines</a></li>\n 	<li><a title=""Industrial Sewing Machines"" href=""https://kingtailors.co.in/sewing-machines-category/industrial-machines/"">Industrial Sewing Machines</a></li>\n 	<li><a title=""Manual or Hand Operated Sewing Machines"" href=""https://kingtailors.co.in/sewing-machines-category/manual-machines/"">Manual/Hand-Operated Sewing Machines</a></li>\n 	<li><a title=""Overlock Sewing Machines"" href=""https://kingtailors.co.in/sewing-machines-category/overlock-machines/"">Overlock Sewing Machines</a></li>\n</ul>\n<h4>People Also Search For</h4>\n<ul>\n 	<li>air cooler wheels replacement in Ozar, Nashik</li>\n 	<li>cooler stand price in Nashik</li>\n 	<li>castor wheels for desert cooler</li>\n 	<li>air cooler not moving properly solution</li>\n 	<li>cooler spare parts shop near me</li>\n 	<li>air cooler repair services Nashik</li>\n 	<li>heavy-duty wheels for air cooler</li>\n 	<li>portable cooler stand with wheels</li>\n</ul>\nNote: Prices shown are indicative only. Final pricing may vary based on product size, quality, specifications, and customization.",,,taxable,,1,,,0,0,,,,,1,,199,299,"Accessories, Accessories > Cooler Accessory",,,http://localhost:8080/wordpress/wp-content/uploads/2025/12/Castor-Wheels-and-Stands-for-Air-Coolers.webp,,,,,,,,,0,,Generic,,,,,,,,,,,,index,299,field_69575d74b79dd,199,field_69575d74b7ed4,1,73,caster wheels,on,38,,,,,,,,,,,,,,,,,,,,,,,,,,,,,,,,,,,,,,,,,,,,,,,,,,,,,,,,,,,,,,
672,simple,KT672AS,,Power Cords And Cables,1,0,visible,"Buy power cords and cables for air coolers in Ozar, Nashik. Safe, durable & high-quality wiring solutions with expert support and affordable prices.","<p data-start=""743"" data-end=""997"">Power cords and cables are essential components for ensuring the safe and efficient operation of air coolers. High-quality wiring helps maintain stable power supply, prevents electrical issues, and improves the overall performance of your cooling system.</p>\n<p data-start=""999"" data-end=""1309"">At our store in Ozar, Nashik, we offer a wide range of power cords and cables suitable for different types of air coolers, including desert, tower, and portable models. Our products are designed for durability, safety, and long-term use, making them a reliable choice for both home and commercial applications.</p>\n<p data-start=""1311"" data-end=""1540"">Whether you need a replacement cable or want to upgrade to a more durable option, we provide solutions that meet your requirements. Our team helps you select the correct cable type and length based on your cooler model and usage.</p>\n<p data-start=""1542"" data-end=""1756"">In addition to spare parts, we also provide expert guidance and repair services to ensure your air cooler operates safely and efficiently. Visit us for quality products, competitive pricing, and dependable support.</p>\n\n<h4>Key Features of Power Cords and Cables:</h4>\n<ul>\n 	<li>Durable power cords &amp; cables for air coolers</li>\n 	<li>Ensures safe and reliable electrical connections</li>\n 	<li>Compatible with residential, tower, and industrial air coolers</li>\n 	<li>Made from heat-resistant, high-quality materials</li>\n 	<li>Prevents electrical hazards and short circuits</li>\n 	<li>Easy to replace and maintain</li>\n 	<li>Ideal for home, office, and industrial cooler units</li>\n</ul>\n<h4><strong>Related Categories:</strong></h4>\n<ul>\n 	<li><a title=""Embroidery Sewing Machines"" href=""https://kingtailors.co.in/sewing-machines-category/embroidery-machines/"">Embroidery Sewing Machines</a></li>\n 	<li><a title=""Heavy Duty Sewing Machines"" href=""https://kingtailors.co.in/sewing-machines-category/heavy-duty-machines/"">Heavy-Duty Sewing Machines</a></li>\n 	<li><a title=""Industrial Sewing Machines"" href=""https://kingtailors.co.in/sewing-machines-category/industrial-machines/"">Industrial Sewing Machines</a></li>\n 	<li><a title=""Manual or Hand Operated Sewing Machines"" href=""https://kingtailors.co.in/sewing-machines-category/manual-machines/"">Manual/Hand-Operated Sewing Machines</a></li>\n 	<li><a title=""Overlock Sewing Machines"" href=""https://kingtailors.co.in/sewing-machines-category/overlock-machines/"">Overlock Sewing Machines</a></li>\n</ul>\n<h4>People also search for:</h4>\n<ul>\n 	<li data-section-id=""17ivaiu"" data-start=""3166"" data-end=""3218"">air cooler power cord replacement in Ozar, Nashik</li>\n 	<li data-section-id=""1iufhse"" data-start=""3219"" data-end=""3255"">cooler wiring cable price Nashik</li>\n 	<li data-section-id=""1s4tuii"" data-start=""3256"" data-end=""3294"">air cooler not turning on solution</li>\n 	<li data-section-id=""1u6f3l3"" data-start=""3295"" data-end=""3332"">electrical cable for cooler motor</li>\n 	<li data-section-id=""h4h3qr"" data-start=""3333"" data-end=""3367"">cooler repair services near me</li>\n 	<li data-section-id=""1eqyo4m"" data-start=""3368"" data-end=""3400"">desert cooler wiring problem</li>\n 	<li data-section-id=""zgsdgp"" data-start=""3401"" data-end=""3439"">air cooler spare parts shop Nashik</li>\n 	<li data-section-id=""1yxsiil"" data-start=""3440"" data-end=""3473"">cooler switch and wire repair</li>\n</ul>\nNote: Prices shown are indicative only. Final pricing may vary based on product size, quality, specifications, and customization.",,,taxable,,1,,,0,0,,,,,1,,80,199,"Accessories, Accessories > Cooler Accessory",,,http://localhost:8080/wordpress/wp-content/uploads/2025/12/Power-Cords-and-Cables-for-Air-Coolers-1.webp,,,,,,,,,0,,Generic,,,,,,,,,,,,index,149,field_69575d74b79dd,80,field_69575d74b7ed4,1,73,power cords and cables,on,36,,,,,,,,,,,,,,,,,,,,,,,,,,,,,,,,,,,,,,,,,,,,,,,,,,,,,,,,,,,,,,
678,simple,KT678IM,,JUKI DDL-8900D Sewing Machine,1,1,visible,"The Juki DDL-8900D Industrial Sewing Machine is a high-speed, semi-automatic lockstitch sewing machine with 5000 stitches/min, a 30.7 mm needle bar stroke, and the DBx1 needle system. Ideal for light materials.","The Juki DDL-8900D Industrial Sewing Machine is a high-performance industrial lockstitch sewing machine designed for fast, smooth, and efficient stitching. With a maximum speed of 5000 stitches per minute, this model delivers exceptional productivity for tailoring shops, boutiques, alteration centers, and garment units working with light fabrics.\n\nEngineered with a 30.7mm needle bar stroke, the Juki DDL-8900D Industrial Sewing Machine ensures precise stitch formation and improved penetration, reducing skipped stitches even during high-speed runs. The machine uses the popular <a href=""https://en.wikipedia.org/wiki/DBX1"" target=""_blank"" rel=""noopener noreferer"">DBx1 needle system</a>, making it versatile across multiple light-material applications.\n\nThis model is available in both new and second-hand conditions, giving buyers flexibility based on budget and requirements. Renowned for its durability, smooth operation, and low maintenance, the Juki DDL-8900D remains one of the most trusted industrial lockstitch machines.\n<h4><strong>Key Features of the Juki DDL-8900D Industrial Sewing Machine</strong></h4>\n<ul>\n 	<li>High-speed stitching: 5000 stitches per minute</li>\n 	<li>Semi-automatic industrial lockstitch machine</li>\n 	<li>1-needle design for precise stitching</li>\n 	<li>30.7 mm needle bar stroke for improved accuracy</li>\n 	<li>Needle System: DBx1 Needle System</li>\n 	<li>Best suited for light materials</li>\n 	<li>Smooth operation with low vibration</li>\n 	<li>Available in New and Second-Hand</li>\n 	<li>Long-lasting, stable, and easy to maintain</li>\n 	<li>Heavy-duty metal build for industrial use</li>\n 	<li>Brand: <a href=""https://jukiindia.com/"" target=""_blank"" rel=""noopener noreferer"">JUKI India </a></li>\n 	<li>Availability: In Stock</li>\n</ul>\n<h4><strong>Related Categories:</strong></h4>\n<ul>\n 	<li><a title=""Embroidery Sewing Machines"" href=""https://kingtailors.co.in/sewing-machines-category/embroidery-machines/"">Embroidery Sewing Machines</a></li>\n 	<li><a title=""Heavy Duty Sewing Machines"" href=""https://kingtailors.co.in/sewing-machines-category/heavy-duty-machines/"">Heavy-Duty Sewing Machines</a></li>\n 	<li><a title=""Industrial Sewing Machines"" href=""https://kingtailors.co.in/sewing-machines-category/industrial-machines/"">Industrial Sewing Machines</a></li>\n 	<li><a title=""Manual or Hand Operated Sewing Machines"" href=""https://kingtailors.co.in/sewing-machines-category/manual-machines/"">Manual/Hand-Operated Sewing Machines</a></li>\n 	<li><a title=""Overlock Sewing Machines"" href=""https://kingtailors.co.in/sewing-machines-category/overlock-machines/"">Overlock Sewing Machines</a></li>\n</ul>\nNote: Prices shown are indicative only. Final pricing may vary based on product size, quality, specifications, and customization.",,,taxable,,1,,,0,0,,,,,1,,32500,35000,"Sewing Machines > Industrial Machines, Sewing Machines",,Heavy Items,http://localhost:8080/wordpress/wp-content/uploads/2025/12/Juki-Sewing-Machine.webp,,,,,,,,,0,,JUKI,,,,,,,,,,,,,,field_695756292a2ef,,field_695758795b417,,,,,,,Color,Beige,1,1,Size,Large,1,1,,http://localhost:8080/wordpress/?p=2889,,,,,4,3.545454545,1,,,,,,,,,,,,,,,,,,,,,,,,,,,,,,,,,,,,,,,,,,,,
891,simple,KT891AC,,Galaxy Tower Air Cooler,1,1,visible,"The Galaxy Tower Air Cooler with a 30 L water tank offers powerful cooling with a 40–60 ft air throw. Portable design, caster wheels, durable plastic body &amp; 12-inch blade.","The Galaxy<a title=""Galaxy Tower Cooler"" href=""https://medium.com/@sknasruddin/eco-friendly-low-electric-air-coolers-a-smart-cooling-choice-6c07cb033feb"" target=""_blank"" rel=""nofollow noopener noindex""> Tower Cooler</a> with a 30L water tank is a compact, energy-efficient, and portable cooling solution designed for homes, shops, offices, and personal spaces. With a powerful airflow system and 40–60 ft air throw coverage, this tower cooler delivers quick and uniform cooling even in hot and humid conditions. Its portable design with castor wheels, durable plastic body, and space-saving structure make it ideal for everyday use.\n\nWhether you need a tabletop cooler, a shop cooling unit, or a portable air cooler that can be moved easily from room to room, the Galaxy Tower Cooler offers reliable performance at an affordable cost.\n<h4><strong>Key Features of Galaxy Tower Air Cooler</strong></h4>\n<ul>\n 	<li><strong>Cooler Type: </strong>Portable Tower Air Cooler / Mini Air Cooler</li>\n 	<li><strong>Tank Capacity:</strong> 30 Litres (Mini variants available in 20–25 Litres)</li>\n 	<li><strong>Air Throw Coverage:</strong> Strong airflow covering approximately 40 to 60 feet</li>\n 	<li><strong>Blade Size:</strong> Equipped with a 12-inch blade (a 9-inch blade available in mini tabletop models)</li>\n 	<li><strong>Material &amp; Build:</strong> Made from high-quality durable plastic, lightweight and rust-free</li>\n 	<li><strong>Design:</strong> Slim tower design that saves space and blends with modern interiors</li>\n 	<li><strong>Portability</strong>: Fitted with castor wheels for smooth and easy movement</li>\n 	<li><strong>Usage Type</strong>: Suitable for home, office, shop, tailoring shop, clinic, showroom, and personal cooling</li>\n 	<li><strong>Energy Efficiency</strong>: Low power consumption compared to traditional air conditioners</li>\n 	<li><strong>Maintenance</strong>: Easy to clean and simple to maintain</li>\n 	<li><strong>Availability</strong>: In Stock</li>\n</ul>\n<h4>Why Choose Galaxy Tower Air Cooler?</h4>\n<ul>\n 	<li>Compact size with powerful cooling performance</li>\n 	<li>Large water tank for longer cooling hours</li>\n 	<li>Easy to move and reposition as needed</li>\n 	<li>Ideal for both floor use and tabletop placement</li>\n 	<li>Cost-effective and eco-friendly cooling solution</li>\n</ul>\nAir coolers work using the principle of <a title=""Evaporative Cooling Technology"" href=""https://en.wikipedia.org/wiki/Evaporative_cooler"" target=""_blank"" rel=""nofollow noopener noindex"">evaporative cooling technology</a>, which naturally cools air while using significantly less electricity than traditional air conditioning systems.\n\nFor users who need cooling solutions for different room sizes, explore our range of<a href=""https://kingtailors.co.in/air-coolers-category/personal-coolers/""> energy-efficient personal air coolers</a>,<a href=""https://kingtailors.co.in/air-coolers-category/tower-coolers/""> modern tower air coolers</a>, and<a href=""https://kingtailors.co.in/air-coolers-category/portable/""> portable mini air coolers</a>.\n\n<strong>Related Cooler Categories:</strong>\n<ul>\n 	<li><a title=""High Performance Desert Air Coolers for Large Rooms"" href=""https://kingtailors.co.in/air-coolers-category/desert-coolers/"">High-Performance Desert Air Coolers for Large Rooms</a></li>\n 	<li><a title=""Heavy Duty Industrial Air Coolers for Workshops and Factories"" href=""https://kingtailors.co.in/air-coolers-category/industrial-coolers/"">Heavy Duty Industrial Air Coolers for Workshops and Factories</a></li>\n 	<li><a title=""Energy Efficient Personal Air Coolers for Home and Office"" href=""https://kingtailors.co.in/air-coolers-category/personal-coolers/"">Energy-Efficient Personal Air Coolers for Home and Office</a></li>\n 	<li><a title=""Portable and Mini Air Coolers for Small Rooms and Travel"" href=""https://kingtailors.co.in/air-coolers-category/portable-coolers/"">Portable and Mini Air Coolers for Small Rooms and Travel</a></li>\n 	<li><a title=""Slim Tower Air Coolers with Modern Space-Saving Design"" href=""https://kingtailors.co.in/air-coolers-category/tower-coolers/"">Slim Tower Air Coolers with Modern Space-Saving Design</a></li>\n</ul>",,,taxable,,1,,,0,0,,,,,1,,3800,6999,"Air Coolers, Air Coolers > Tower Air Coolers",,,http://localhost:8080/wordpress/wp-content/uploads/2025/12/1-123.png,,,,,,,,,0,,Anand Coolers,,,,,,,,,,,,,6999,field_69575b54369ce,3800,field_69575b543a4d7,1,70,Galaxy Tower Air Cooler,on,19,,,,,,,,,,,,,,,,,,,,,,,,,,,,,,,,,,,,,,,,,,,,,,,,,,,,,,,,,,,,,,
2631,simple,KT2631AC,,Anand Grand Air Cooler,1,0,visible,Anand Grand-1 Heavy Duty Air Cooler with powerful airflow for large rooms and commercial spaces. Energy-efficient desert cooler with strong performance.,"Anand Grand-1 Heavy Duty Air Cooler is designed to deliver strong, reliable, and long-lasting cooling performance for large rooms, shops, showrooms, workshops, and commercial spaces. Built with a heavy-duty body and powerful airflow system, this cooler ensures fast and uniform cooling even during extreme summer temperatures. Its robust construction, large water capacity, and efficient fan system make it an ideal choice for continuous daily use.\n\nWhether you need cooling for your home, tailoring shop, retail store, office, or commercial area, the Anand Grand-1 Heavy Duty Air Cooler provides excellent air circulation, durability, and energy-efficient performance. Its user-friendly design and smooth mobility make it convenient to operate and reposition as needed.\n<h4>Key Features of Anand Grand-1 Heavy Duty Air Cooler</h4>\n<ul>\n 	<li><strong>Cooler Type: </strong>Heavy Duty Desert Air Cooler</li>\n 	<li><strong>Cooling Capacity: </strong>Suitable for large rooms, halls, shops, and commercial spaces</li>\n 	<li><strong>Airflow Performance: </strong>Powerful air throw for fast and uniform cooling</li>\n 	<li><strong>Body Material: </strong>Strong and durable heavy-duty construction for long life</li>\n 	<li><strong>Fan System: </strong>High-performance fan with large blade for maximum air delivery</li>\n 	<li><strong>Water Tank Capacity: </strong>Large tank for long hours of continuous cooling</li>\n 	<li><strong>Mobility: </strong>Equipped with castor wheels for easy movement</li>\n 	<li><strong>Usage: </strong>Ideal for homes, tailoring shops, showrooms, offices, workshops, and commercial use</li>\n 	<li><strong>Energy Efficient: </strong>Low electricity consumption compared to air conditioners</li>\n 	<li><strong>Maintenance: </strong>Easy to clean and maintain</li>\n 	<li><strong>Availability: </strong>In Stock</li>\n</ul>\n<h4>Strong Cooling Performance for Large Spaces</h4>\nThe Anand Grand-1 Heavy Duty Air Cooler is specially designed for high cooling efficiency. Its powerful fan system ensures strong airflow, helping cool large areas quickly and effectively. This makes it perfect for commercial environments where continuous cooling is required throughout the day.\n<h4>Durable and Reliable Heavy-Duty Build</h4>\nThis cooler features a sturdy and long-lasting body that can withstand daily use in demanding environments. The durable construction ensures reliability, making it suitable for both residential and commercial applications.\n<h4>Energy-Efficient and Cost-Effective Solution</h4>\nThe Anand Grand-1 Air Cooler consumes significantly less electricity compared to air conditioners, helping reduce power costs while providing effective cooling. It is an economical and eco-friendly choice for summer cooling.\n<h4>Easy Mobility and Convenient Operation</h4>\nWith smooth castor wheels, the cooler can be easily moved from one location to another. This allows flexible usage across different rooms or work areas, providing cooling wherever needed.\n\n<strong>Ideal For</strong>\n<ul>\n 	<li>Homes and large rooms</li>\n 	<li>Tailoring and sewing shops</li>\n 	<li>Retail stores and showrooms</li>\n 	<li>Offices and commercial spaces</li>\n 	<li>Workshops and service centers</li>\n</ul>\n<strong>The Anand Grand-1 Heavy Duty Air Cooler is the perfect combination of powerful cooling, durability, and energy efficiency, making it an excellent investment for reliable summer comfort.</strong>\n\nAir coolers work using the principle of <a title=""Evaporative Cooling Technology"" href=""https://en.wikipedia.org/wiki/Evaporative_cooler"" target=""_blank"" rel=""nofollow noopener noindex"">evaporative cooling technology</a>, which naturally cools air while using significantly less electricity than traditional air conditioning systems.\n\nFor users who need cooling solutions for different room sizes, explore our range of<a href=""https://kingtailors.co.in/air-coolers-category/personal-coolers/""> energy-efficient personal air coolers</a>,<a href=""https://kingtailors.co.in/air-coolers-category/tower-coolers/""> modern tower air coolers</a>, and<a href=""https://kingtailors.co.in/air-coolers-category/portable/""> portable mini air coolers</a>.\n\n<strong>Related Cooler Categories:</strong>\n<ul>\n 	<li><a title=""High Performance Desert Air Coolers for Large Rooms"" href=""https://kingtailors.co.in/air-coolers-category/desert-coolers/"">High-Performance Desert Air Coolers for Large Rooms</a></li>\n 	<li><a title=""Heavy Duty Industrial Air Coolers for Workshops and Factories"" href=""https://kingtailors.co.in/air-coolers-category/industrial-coolers/"">Heavy Duty Industrial Air Coolers for Workshops and Factories</a></li>\n 	<li><a title=""Energy Efficient Personal Air Coolers for Home and Office"" href=""https://kingtailors.co.in/air-coolers-category/personal-coolers/"">Energy-Efficient Personal Air Coolers for Home and Office</a></li>\n 	<li><a title=""Portable and Mini Air Coolers for Small Rooms and Travel"" href=""https://kingtailors.co.in/air-coolers-category/portable-coolers/"">Portable and Mini Air Coolers for Small Rooms and Travel</a></li>\n 	<li><a title=""Slim Tower Air Coolers with Modern Space-Saving Design"" href=""https://kingtailors.co.in/air-coolers-category/tower-coolers/"">Slim Tower Air Coolers with Modern Space-Saving Design</a></li>\n</ul>",,,taxable,,1,,,0,0,,,,,1,,5500,7999,"Air Coolers, Air Coolers > Personal Air Coolers",,,http://localhost:8080/wordpress/wp-content/uploads/2026/02/anand-grand-1-air-cooler.webp,,,,,,,,,0,,Anand Coolers,,,,,,,,,,,,,9999,field_69575b54369ce,5500,field_69575b543a4d7,1,68,Anand Grand-1 Heavy Duty Air Cooler,on,8,,,,,,,,,,,,,,,,,,,,,,,,,,,,,,,,,,,,,,,,,,,,,,,,,,,,,,,,,,,,,,
2633,simple,KT2633AC,,Anand Grand 2 Air Cooler,1,0,visible,Anand Grand-2 Heavy Duty Air Cooler with powerful airflow for large rooms and commercial use. Durable desert cooler with energy-efficient performance,"Anand Grand-2 Heavy Duty Air Cooler is a powerful and reliable cooling solution designed for large rooms, shops, showrooms, workshops, and commercial environments. Built with a strong heavy-duty body and high-efficiency airflow system, this cooler delivers fast and uniform cooling even during peak summer heat. Its large cooling capacity, durable construction, and energy-efficient operation make it ideal for continuous daily use in both residential and commercial settings.\n\nWith smooth mobility, powerful air delivery, and long operating hours, the Anand Grand-2 Heavy Duty Air Cooler is perfect for users who need strong, dependable, and cost-effective cooling performance.\n<h4>Key Features of Anand Grand-2 Heavy Duty Air Cooler</h4>\n<ul>\n 	<li><strong>Cooler Type: </strong>Heavy Duty Desert Air Cooler</li>\n 	<li><strong>Cooling Capacity: </strong>Suitable for large rooms, halls, shops, showrooms, and commercial areas</li>\n 	<li><strong>Airflow Performance: </strong>Powerful air throw for fast and effective cooling</li>\n 	<li><strong>Body Material: </strong>Durable heavy-duty body for long-lasting performance</li>\n 	<li><strong>Fan System: </strong>High-efficiency fan with large blade for maximum air delivery</li>\n 	<li><strong>Water Tank Capacity: </strong>Large-capacity tank for extended cooling without frequent refilling</li>\n 	<li><strong>Mobility</strong>: Equipped with castor wheels for easy movement</li>\n 	<li><strong>Usage: </strong>Ideal for home, shop, office, tailoring shop, showroom, and commercial use</li>\n 	<li><strong>Energy Efficiency: </strong>Low power consumption and economical cooling solution</li>\n 	<li><strong>Maintenance: </strong>Easy to operate, clean, and maintain</li>\n 	<li><strong>Availability: </strong>In Stock</li>\n</ul>\n<h4>Why Choose Anand Grand-2 Heavy Duty Air Cooler?</h4>\n<ul>\n 	<li>Strong cooling for large spaces</li>\n 	<li>Durable and long-lasting heavy-duty construction</li>\n 	<li>Energy-efficient and cost-saving performance</li>\n 	<li>Easy mobility with smooth castor wheels</li>\n 	<li>Ideal for commercial and residential use</li>\n</ul>\nAir coolers work using the principle of <a title=""Evaporative Cooling Technology"" href=""https://en.wikipedia.org/wiki/Evaporative_cooler"" target=""_blank"" rel=""nofollow noopener noindex"">evaporative cooling technology</a>, which naturally cools air while using significantly less electricity than traditional air conditioning systems.\n\nFor users who need cooling solutions for different room sizes, explore our range of<a href=""https://kingtailors.co.in/air-coolers-category/personal-coolers/""> energy-efficient personal air coolers</a>,<a href=""https://kingtailors.co.in/air-coolers-category/tower-coolers/""> modern tower air coolers</a>, and<a href=""https://kingtailors.co.in/air-coolers-category/portable/""> portable mini air coolers</a>.\n\n<strong>Related Cooler Categories:</strong>\n<ul>\n 	<li><a title=""High Performance Desert Air Coolers for Large Rooms"" href=""https://kingtailors.co.in/air-coolers-category/desert-coolers/"">High-Performance Desert Air Coolers for Large Rooms</a></li>\n 	<li><a title=""Heavy Duty Industrial Air Coolers for Workshops and Factories"" href=""https://kingtailors.co.in/air-coolers-category/industrial-coolers/"">Heavy Duty Industrial Air Coolers for Workshops and Factories</a></li>\n 	<li><a title=""Energy Efficient Personal Air Coolers for Home and Office"" href=""https://kingtailors.co.in/air-coolers-category/personal-coolers/"">Energy-Efficient Personal Air Coolers for Home and Office</a></li>\n 	<li><a title=""Portable and Mini Air Coolers for Small Rooms and Travel"" href=""https://kingtailors.co.in/air-coolers-category/portable-coolers/"">Portable and Mini Air Coolers for Small Rooms and Travel</a></li>\n 	<li><a title=""Slim Tower Air Coolers with Modern Space-Saving Design"" href=""https://kingtailors.co.in/air-coolers-category/tower-coolers/"">Slim Tower Air Coolers with Modern Space-Saving Design</a></li>\n</ul>",,,taxable,,1,,,0,0,,,,,1,,5500,7999,"Air Coolers, Air Coolers > Industrial Air Coolers",,,http://localhost:8080/wordpress/wp-content/uploads/2026/02/anand-grand-2-air-cooler.webp,,,,,,,,,0,,Anand Coolers,,,,,,,,,,,,,7999,field_69575b54369ce,5500,field_69575b543a4d7,1,70,Anand Grand-2 Heavy Duty Air Cooler,on,7,,,,,,,,,,,,,,,,,,,,,,,,,,,,,,,,,,,,,,,,,,,,,,,,,,,,,,,,,,,,,,
2635,simple,KT2635AC,,Anand Java Glass Top Air Cooler,1,1,visible,"Anand Java GlassTop Air Cooler with powerful cooling and premium glass top design. Heavy-duty desert cooler ideal for home, shop, and commercial use.","The Anand Java GlassTop Air Cooler combines powerful cooling performance with a modern and premium glass-top design. Built for both residential and commercial use, this cooler delivers strong airflow to keep your space comfortable during hot summer days. Its durable construction, large water tank capacity, and energy-efficient operation make it ideal for homes, shops, tailoring stores, offices, and showrooms.\n\nThe elegant glass-top finish enhances the cooler’s appearance, making it not just a cooling appliance but also a stylish addition to your space. With smooth mobility, efficient cooling, and reliable performance, the Anand Java GlassTop Air Cooler is a perfect choice for daily use.\n<h4>Key Features of Anand Java GlassTop Air Cooler</h4>\n<ul>\n 	<li><strong>Cooler Type: </strong>Heavy Duty Desert Air Cooler with Glass Top</li>\n 	<li><strong>Design: </strong>Premium Glass Top Design for modern and stylish look</li>\n 	<li><strong>Cooling Performance: </strong>Powerful airflow for fast and effective cooling</li>\n 	<li><strong>Body Material: </strong>Strong and durable heavy-duty construction for long life</li>\n 	<li><strong>Water Tank Capacity: </strong>Large tank capacity for longer cooling duration</li>\n 	<li><strong>Air Delivery: </strong>High-performance fan system ensures wide air coverage</li>\n 	<li><strong>Mobility: </strong>Equipped with castor wheels for easy movement</li>\n 	<li><strong>Usage: </strong>Suitable for home, shop, tailoring shop, office, showroom, and commercial spaces</li>\n 	<li><strong>Energy Efficiency: </strong>Low power consumption for cost-effective cooling</li>\n 	<li><strong>Maintenance: </strong>Easy to clean and simple to maintain</li>\n 	<li><strong>Availability: </strong>In Stock</li>\n</ul>\n<h4>Why Choose the Anand Java GlassTop Air Cooler?</h4>\n<ul>\n 	<li>Premium and modern glass-top design</li>\n 	<li>Strong cooling performance for large areas</li>\n 	<li>Durable and long-lasting heavy-duty body</li>\n 	<li>Easy mobility with castor wheels</li>\n 	<li>Energy-efficient and economical cooling solution</li>\n</ul>\nAir coolers work using the principle of <a title=""Evaporative Cooling Technology"" href=""https://en.wikipedia.org/wiki/Evaporative_cooler"" target=""_blank"" rel=""nofollow noopener noindex"">evaporative cooling technology</a>, which naturally cools air while using significantly less electricity than traditional air conditioning systems.\n\nFor users who need cooling solutions for different room sizes, explore our range of<a href=""https://kingtailors.co.in/air-coolers-category/personal-coolers/""> energy-efficient personal air coolers</a>,<a href=""https://kingtailors.co.in/air-coolers-category/tower-coolers/""> modern tower air coolers</a>, and<a href=""https://kingtailors.co.in/air-coolers-category/portable/""> portable mini air coolers</a>.\n\n<strong>Related Cooler Categories:</strong>\n<ul>\n 	<li><a title=""High Performance Desert Air Coolers for Large Rooms"" href=""https://kingtailors.co.in/air-coolers-category/desert-coolers/"">High-Performance Desert Air Coolers for Large Rooms</a></li>\n 	<li><a title=""Heavy Duty Industrial Air Coolers for Workshops and Factories"" href=""https://kingtailors.co.in/air-coolers-category/industrial-coolers/"">Heavy Duty Industrial Air Coolers for Workshops and Factories</a></li>\n 	<li><a title=""Energy Efficient Personal Air Coolers for Home and Office"" href=""https://kingtailors.co.in/air-coolers-category/personal-coolers/"">Energy-Efficient Personal Air Coolers for Home and Office</a></li>\n 	<li><a title=""Portable and Mini Air Coolers for Small Rooms and Travel"" href=""https://kingtailors.co.in/air-coolers-category/portable-coolers/"">Portable and Mini Air Coolers for Small Rooms and Travel</a></li>\n 	<li><a title=""Slim Tower Air Coolers with Modern Space-Saving Design"" href=""https://kingtailors.co.in/air-coolers-category/tower-coolers/"">Slim Tower Air Coolers with Modern Space-Saving Design</a></li>\n</ul>",,,taxable,,1,,,0,0,,,,,1,,6999,9999,"Air Coolers, Air Coolers > Personal Air Coolers",,,http://localhost:8080/wordpress/wp-content/uploads/2026/02/anand-java-glass-top-air-cooler.webp,,,,,,,,,0,,Anand Coolers,,,,,,,,,,,,,9999,field_69575b54369ce,6999,field_69575b543a4d7,1,73,Anand Java GlassTop Air Cooler,on,6,,,,,,,,,,,,,,,,,,,,,,,,,,,,,,,,,,,,,,,,,,,,,,,,,,,,,,,,,,,,,,
2637,simple,KT2637AC,,Anand Geo Tower Glass Top Air Cooler,1,1,visible,"Anand Geo Tower Glass Top Air Cooler is a stylish and high-performance cooling solution designed for modern homes, offices, shops, and showrooms.","Anand Geo Tower Glass Top Air Cooler is a stylish and high-performance cooling solution designed for modern homes, offices, shops, and showrooms. Featuring a sleek tower design with a premium glass top finish, this cooler not only enhances your interior look but also delivers powerful and efficient cooling performance.\n\nBuilt with durable materials and a high-efficiency airflow system, the Anand Geo Tower glass top air cooler ensures quick and uniform air circulation. Its compact vertical structure saves floor space, making it perfect for areas where traditional desert coolers may feel bulky. With energy-efficient operation and smooth mobility, it is an ideal choice for daily summer use.\n<h4>Key Features of Anand Geo Tower Glass Top Air Cooler</h4>\n<ul>\n 	<li><strong>Cooler Type: </strong>Tower Air Cooler with Glass Top</li>\n 	<li><strong>Design: </strong>Modern Geo Tower structure with premium glass top finish</li>\n 	<li><strong>Cooling Performance: </strong>Powerful airflow for fast and uniform cooling</li>\n 	<li><strong>Body Material: </strong>Durable heavy-duty construction for long-lasting use</li>\n 	<li><strong>Water Tank Capacity: </strong>Large tank capacity for extended cooling hours</li>\n 	<li><strong>Air Throw Coverage: </strong>Strong air delivery suitable for rooms, shops, and offices</li>\n 	<li><strong>Mobility: </strong>Equipped with smooth castor wheels for easy movement</li>\n 	<li><strong>Space Saving: </strong>Slim vertical tower design ideal for compact areas</li>\n 	<li><strong>Energy Efficiency: </strong>Low electricity consumption compared to AC</li>\n 	<li><strong>Maintenance: </strong>Easy to operate, clean, and maintain</li>\n 	<li><strong>Availability: </strong>In Stock</li>\n</ul>\n<h4>Why Choose the Anand Geo Tower Glass Top Air Cooler?</h4>\n<ul>\n 	<li>Elegant glass top with modern tower look</li>\n 	<li>Space-saving vertical design</li>\n 	<li>Powerful cooling for residential &amp; commercial use</li>\n 	<li>Durable and long-lasting build quality</li>\n 	<li>Energy-efficient and budget-friendly cooling solution</li>\n</ul>\nAir coolers work using the principle of <a title=""Evaporative Cooling Technology"" href=""https://en.wikipedia.org/wiki/Evaporative_cooler"" target=""_blank"" rel=""nofollow noopener noindex"">evaporative cooling technology</a>, which naturally cools air while using significantly less electricity than traditional air conditioning systems.\n\nFor users who need cooling solutions for different room sizes, explore our range of<a href=""https://kingtailors.co.in/air-coolers-category/personal-coolers/""> energy-efficient personal air coolers</a>,<a href=""https://kingtailors.co.in/air-coolers-category/tower-coolers/""> modern tower air coolers</a>, and<a href=""https://kingtailors.co.in/air-coolers-category/portable/""> portable mini air coolers</a>.\n\n<strong>Related Cooler Categories:</strong>\n<ul>\n 	<li><a title=""High Performance Desert Air Coolers for Large Rooms"" href=""https://kingtailors.co.in/air-coolers-category/desert-coolers/"">High-Performance Desert Air Coolers for Large Rooms</a></li>\n 	<li><a title=""Heavy Duty Industrial Air Coolers for Workshops and Factories"" href=""https://kingtailors.co.in/air-coolers-category/industrial-coolers/"">Heavy Duty Industrial Air Coolers for Workshops and Factories</a></li>\n 	<li><a title=""Energy Efficient Personal Air Coolers for Home and Office"" href=""https://kingtailors.co.in/air-coolers-category/personal-coolers/"">Energy-Efficient Personal Air Coolers for Home and Office</a></li>\n 	<li><a title=""Portable and Mini Air Coolers for Small Rooms and Travel"" href=""https://kingtailors.co.in/air-coolers-category/portable-coolers/"">Portable and Mini Air Coolers for Small Rooms and Travel</a></li>\n 	<li><a title=""Slim Tower Air Coolers with Modern Space-Saving Design"" href=""https://kingtailors.co.in/air-coolers-category/tower-coolers/"">Slim Tower Air Coolers with Modern Space-Saving Design</a></li>\n</ul>",,,taxable,,1,,,0,0,,,,,1,,3800,5999,"Air Coolers, Air Coolers > Personal Air Coolers",,,http://localhost:8080/wordpress/wp-content/uploads/2026/02/anand-geo-tower-glass-top-air-cooler.webp,,,,,,,,,0,,Anand Coolers,,,,,,,,,,,,,5999,field_69575b54369ce,3800,field_69575b543a4d7,1,70,Anand Geo Tower Glass Top Air Cooler,on,5,,,,,,,,,,,,,,,,,,,,,,,,,,,,,,,,,,,,,,,,,,,,,,,,,,,,,,,,,,,,,,
2640,simple,KT2640AC,,Anand Magic POLO Mini Air Cooler,1,1,visible,"Anand Magic POLO Mini Air Cooler, a compact and portable tabletop cooler with efficient cooling. Ideal for home, office, and shop use. Energy-efficient.","Anand Magic POLO Mini Air Cooler is a compact and portable cooling solution designed for personal use in homes, offices, shops, and small workspaces. Its space-saving design and efficient airflow make it ideal for desks, counters, bedrooms, and tailoring shops. Despite its small size, this mini air cooler delivers effective cooling while consuming very little electricity.\n\nWith its lightweight body, easy mobility, and user-friendly operation, the Anand Magic POLO Mini Air Cooler is perfect for users who need instant cooling in a compact and affordable form. It is especially suitable for tabletop use and small areas where large coolers are not required.\n<h4>Key Features of Anand Magic POLO Mini Air Cooler</h4>\n<ul>\n 	<li><strong>Cooler Type: </strong>Mini Portable Air Cooler / Tabletop Cooler</li>\n 	<li><strong>Design: </strong>Compact and space-saving design ideal for personal cooling</li>\n 	<li><strong>Cooling Performance: </strong>Efficient airflow for quick cooling in small areas</li>\n 	<li><strong>Water Tank Capacity: </strong>Suitable capacity tank for several hours of cooling</li>\n 	<li><strong>Body Material: </strong>Durable and lightweight plastic body</li>\n 	<li><strong>Portability: </strong>Easy to carry and move due to lightweight design</li>\n 	<li><strong>Usage: </strong>Ideal for home, office desks, shop counters, tailoring shops, and personal use</li>\n 	<li><strong>Energy Efficiency: </strong>Low power consumption for economical cooling</li>\n 	<li><strong>Maintenance: </strong>Easy to clean and maintain</li>\n 	<li><strong>Placement: </strong>Perfect for table and floor use</li>\n 	<li><strong>Availability: </strong>In Stock</li>\n</ul>\n<h4>Why Choose Anand Magic POLO Mini Air Cooler?</h4>\n<ul>\n 	<li>Compact and portable personal air cooler</li>\n 	<li>Ideal for small rooms, desks, and shops</li>\n 	<li>Energy-efficient and budget-friendly</li>\n 	<li>Easy to use and maintain</li>\n 	<li>Modern design with reliable cooling performance</li>\n</ul>\nAir coolers work using the principle of <a title=""Evaporative Cooling Technology"" href=""https://en.wikipedia.org/wiki/Evaporative_cooler"" target=""_blank"" rel=""nofollow noopener noindex"">evaporative cooling technology</a>, which naturally cools air while using significantly less electricity than traditional air conditioning systems.\n\nFor users who need cooling solutions for different room sizes, explore our range of<a href=""https://kingtailors.co.in/air-coolers-category/personal-coolers/""> energy-efficient personal air coolers</a>,<a href=""https://kingtailors.co.in/air-coolers-category/tower-coolers/""> modern tower air coolers</a>, and<a href=""https://kingtailors.co.in/air-coolers-category/portable/""> portable mini air coolers</a>.\n\n<strong>Related Air Cooler Categories:</strong>\n<ul>\n 	<li><a title=""High Performance Desert Air Coolers for Large Rooms"" href=""https://kingtailors.co.in/air-coolers-category/desert-coolers/"">High-Performance Desert Air Coolers for Large Rooms</a></li>\n 	<li><a title=""Heavy Duty Industrial Air Coolers for Workshops and Factories"" href=""https://kingtailors.co.in/air-coolers-category/industrial-coolers/"">Heavy Duty Industrial Air Coolers for Workshops and Factories</a></li>\n 	<li><a title=""Energy Efficient Personal Air Coolers for Home and Office"" href=""https://kingtailors.co.in/air-coolers-category/personal-coolers/"">Energy-Efficient Personal Air Coolers for Home and Office</a></li>\n 	<li><a title=""Portable and Mini Air Coolers for Small Rooms and Travel"" href=""https://kingtailors.co.in/air-coolers-category/portable-coolers/"">Portable and Mini Air Coolers for Small Rooms and Travel</a></li>\n 	<li><a title=""Slim Tower Air Coolers with Modern Space-Saving Design"" href=""https://kingtailors.co.in/air-coolers-category/tower-coolers/"">Slim Tower Air Coolers with Modern Space-Saving Design</a></li>\n</ul>",,,taxable,,1,10,2,0,0,,,,,1,,5999,6999,"Air Coolers, Air Coolers > Portable Air Coolers",,Heavy Items,http://localhost:8080/wordpress/wp-content/uploads/2026/02/anand-magic-polo-air-cooler.webp,,,,,,,,,0,,Anand Coolers,,,,,,,,,,,,,3800,field_69575b54369ce,5999,field_69575b543a4d7,1,70,Anand Magic POLO Mini Air Cooler,on,4,,Color,"Light Blue, White",1,1,Condition,New,1,1,,,,,,,4,3.545454545,1,Cooler Type,Portable,1,1,Country of Origin,India,1,1,Warranty Type,6 Months,1,1,Tank Capacity,30L,1,1,Suitable Room Size,Small,1,1,Remote Control,No,1,1,Power Consumption,100W,1,1,Air Delivery (CMH),1500,1,1,Cooling Pad Type,Aspen Pads,1,1,Ice Chamber,No,1,1,Material Type,Polyethylene,1,1
4976,simple,,,Elegant Bag,1,0,visible,Enim sed faucibus turpis in eu. Viverra suspendisse potenti nullam ac tortor vitae purus faucibus.\n\nLorem ipsum dolor sit amet consectetur adipiscing elit pellentesque. Placerat orci nulla pellentesque dignissim enim sit amet venenatis urna. Pulvinar etiam non quam lacus.\n\nMagna etiam tempor orci eu lobortis. Eget nunc scelerisque viverra mauris in aliquam sem fringilla ut.,"Lorem ipsum dolor sit amet, consectetur adipiscing elit, sed do eiusmod tempor incididunt ut labore et dolore magna aliqua. Quam nulla porttitor massa id.\n\nLacus sed turpis tincidunt id. Lectus nulla at volutpat diam ut venenatis tellus in. Arcu dictum varius duis at consectetur lorem. Ultrices mi tempus imperdiet nulla malesuada pellentesque elit eget gravida.\n\nQuis risus sed vulputate odio. Mauris rhoncus aenean vel elit scelerisque mauris. Penatibus et magnis dis parturient montes nascetur ridiculus mus mauris. Vitae purus faucibus ornare suspendisse sed nisi lacus. Pellentesque elit eget gravida cum sociis natoque.\n\n&nbsp;",,,taxable,,1,,,0,0,,,,,1,,,50,Jackets,,,http://localhost:8080/wordpress/wp-content/uploads/2021/12/shop-item-1_optimized-1.webp,,,,,,,,,0,,,,,,,,,,,,,,,,,,,,,,,,1,,,,,,,,,,,,,,,,,,,,,,,,,,,,,,,,,,,,,,,,,,,,,,,,,,,,,,,,,,,,,
4977,simple,,,Brown Cap,1,0,visible,Nunc aliquet bibendum enim facilisis gravida neque convallis a cras. Turpis egestas integer eget aliquet nibh praesent tristique magna.\n\nDictum varius duis at consectetur lorem donec massa sapien faucibus. Volutpat est velit egestas dui id ornare arcu odio. Id velit ut tortor pretium viverra suspendisse potenti.\n\nAc orci phasellus egestas tellus rutrum tellus pellentesque. Auctor neque vitae tempus quam.,Enim sed faucibus turpis in eu. Viverra suspendisse potenti nullam ac tortor vitae purus faucibus. Lorem ipsum dolor sit amet consectetur adipiscing elit pellentesque. Placerat orci nulla pellentesque dignissim enim sit amet venenatis urna. Pulvinar etiam non quam lacus. Magna etiam tempor orci eu lobortis. Eget nunc scelerisque viverra mauris in aliquam sem fringilla ut.\n\nCursus vitae congue mauris rhoncus aenean. A condimentum vitae sapien pellentesque habitant morbi tristique senectus. Eget nulla facilisi etiam dignissim diam quis. Et odio pellentesque diam volutpat commodo sed egestas egestas fringilla. Elit ullamcorper dignissim cras tincidunt lobortis feugiat vivamus at augue. Sit amet commodo nulla facilisi nullam vehicula ipsum. Blandit cursus risus at ultrices mi tempus imperdiet.\n\nAliquam nulla facilisi cras fermentum odio eu feugiat pretium nibh. Eget duis at tellus at urna condimentum mattis pellentesque. Tincidunt vitae semper quis lectus nulla at volutpat. Sollicitudin tempor id eu nisl nunc mi. Enim blandit volutpat maecenas volutpat blandit aliquam. Ut ornare lectus sit amet est placerat in. Fermentum odio eu feugiat pretium nibh ipsum.\n\nNunc aliquet bibendum enim facilisis gravida neque convallis a cras. Turpis egestas integer eget aliquet nibh praesent tristique magna. Dictum varius duis at consectetur lorem donec massa sapien faucibus. Volutpat est velit egestas dui id ornare arcu odio. Id velit ut tortor pretium viverra suspendisse potenti. Ac orci phasellus egestas tellus rutrum tellus pellentesque. Auctor neque vitae tempus quam.,,,taxable,,1,,,0,0,,,,,1,,,25,Accessories,,,http://localhost:8080/wordpress/wp-content/uploads/2021/12/shop-item-2_optimized-1.webp,,,,,,,,,0,,,,,,,,,,,,,,,,,,,,,,,,1,,,,,,,,,,,,,,,,,,,,,,,,,,,,,,,,,,,,,,,,,,,,,,,,,,,,,,,,,,,,,
4978,simple,,,Quartz Watch,1,0,visible,Vulputate dignissim suspendisse in est ante in nibh. Eget mauris pharetra et ultrices neque ornare aenean euismod.\n\nTristique risus nec feugiat in fermentum. Lacus sed viverra tellus in hac habitasse platea. Convallis tellus id interdum velit laoreet id donec ultrices tincidunt.\n\nCursus vitae congue mauris rhoncus.,Vestibulum lectus mauris ultrices eros in cursus. Platea dictumst vestibulum rhoncus est pellentesque elit ullamcorper dignissim. Ipsum a arcu cursus vitae congue. Quam vulputate dignissim suspendisse in est ante in nibh. Euismod elementum nisi quis eleifend quam adipiscing vitae. Magna ac placerat vestibulum lectus. Eu facilisis sed odio morbi quis commodo odio. Nulla aliquet enim tortor at auctor urna nunc id.\n\nSenectus et netus et malesuada fames ac turpis egestas. Velit dignissim sodales ut eu sem integer vitae justo. Eleifend mi in nulla posuere sollicitudin aliquam ultrices sagittis. Est ultricies integer quis auctor elit sed vulputate. Amet volutpat consequat mauris nunc congue nisi vitae.,,,taxable,,1,,,0,0,,,,,1,,50,80,Accessories,,,http://localhost:8080/wordpress/wp-content/uploads/2021/12/shop-item-3_optimized-1.webp,,,,,,,,,0,,,,,,,,,,,,,,,,,,,,,,,,1,,,,,,,,,,,,,,,,,,,,,,,,,,,,,,,,,,,,,,,,,,,,,,,,,,,,,,,,,,,,,
4979,simple,,,Stonewall Sneakers,1,0,visible,Enim sed faucibus turpis in eu. Viverra suspendisse potenti nullam ac tortor vitae purus faucibus. Lorem ipsum dolor sit amet consectetur adipiscing elit pellentesque. Placerat orci nulla pellentesque dignissim enim sit amet venenatis urna. Pulvinar etiam non quam lacus. Magna etiam tempor orci eu lobortis. Eget nunc scelerisque viverra mauris in aliquam sem fringilla ut.\n\nCursus vitae congue mauris rhoncus aenean. A condimentum vitae sapien pellentesque habitant morbi tristique senectus. Eget nulla facilisi etiam dignissim diam quis.,"Lorem ipsum dolor sit amet, consectetur adipiscing elit, sed do eiusmod tempor incididunt ut labore et dolore magna aliqua. Quam nulla porttitor massa id. Lacus sed turpis tincidunt id. Lectus nulla at volutpat diam ut venenatis tellus in. Arcu dictum varius duis at consectetur lorem. Ultrices mi tempus imperdiet nulla malesuada pellentesque elit eget gravida. Quis risus sed vulputate odio. Mauris rhoncus aenean vel elit scelerisque mauris. Penatibus et magnis dis parturient montes nascetur ridiculus mus mauris. Vitae purus faucibus ornare suspendisse sed nisi lacus. Pellentesque elit eget gravida cum sociis natoque.\n\nEnim sed faucibus turpis in eu. Viverra suspendisse potenti nullam ac tortor vitae purus faucibus. Lorem ipsum dolor sit amet consectetur adipiscing elit pellentesque. Placerat orci nulla pellentesque dignissim enim sit amet venenatis urna. Pulvinar etiam non quam lacus. Magna etiam tempor orci eu lobortis. Eget nunc scelerisque viverra mauris in aliquam sem fringilla ut. Cursus vitae congue mauris rhoncus aenean.\n\nA condimentum vitae sapien pellentesque habitant morbi tristique senectus. Eget nulla facilisi etiam dignissim diam quis. Et odio pellentesque diam volutpat commodo sed egestas egestas fringilla. Elit ullamcorper dignissim cras tincidunt lobortis feugiat vivamus at augue. Sit amet commodo nulla facilisi nullam vehicula ipsum. Blandit cursus risus at ultrices mi tempus imperdiet.",,,taxable,,1,,,0,0,,,,,1,,60,70,Sneakers,,,http://localhost:8080/wordpress/wp-content/uploads/2021/12/shop-item-4_optimized-1.webp,,,,,,,,,0,,,,,,,,,,,,,,,,,,,,,,,,1,,,,,,,,,,,,,,,,,,,,,,,,,,,,,,,,,,,,,,,,,,,,,,,,,,,,,,,,,,,,,
4980,simple,,,Color Sneakers,1,0,visible,"Lorem ipsum dolor sit amet, consectetur adipiscing elit, sed do eiusmod tempor incididunt ut labore et dolore magna aliqua. Senectus et netus et malesuada fames ac. Ipsum a arcu cursus vitae congue mauris rhoncus. Interdum varius sit amet mattis vulputate enim. Ullamcorper velit sed ullamcorper morbi tincidunt ornare.\n\nVestibulum morbi blandit cursus risus at ultrices mi tempus imperdiet. Orci porta non pulvinar neque laoreet suspendisse. Turpis cursus in hac habitasse platea dictumst quisque sagittis. Amet mauris commodo quis imperdiet.\n\nFacilisi cras fermentum odio eu feugiat pretium. Habitasse platea dictumst vestibulum rhoncus est pellentesque elit. Pretium nibh ipsum consequat nisl vel. Et malesuada fames ac turpis egestas. Nullam ac tortor vitae purus faucibus ornare suspendisse sed nisi. Vestibulum rhoncus est pellentesque elit ullamcorper dignissim.","Lorem ipsum dolor sit amet, consectetur adipiscing elit, sed do eiusmod tempor incididunt ut labore et dolore magna aliqua. Senectus et netus et malesuada fames ac. Ipsum a arcu cursus vitae congue mauris rhoncus. Interdum varius sit amet mattis vulputate enim. Ullamcorper velit sed ullamcorper morbi tincidunt ornare.\n\nVestibulum morbi blandit cursus risus at ultrices mi tempus imperdiet. Orci porta non pulvinar neque laoreet suspendisse. Turpis cursus in hac habitasse platea dictumst quisque sagittis. Amet mauris commodo quis imperdiet.\n\nSit amet nisl suscipit adipiscing bibendum est ultricies. Pharetra diam sit amet nisl suscipit adipiscing bibendum est. Interdum posuere lorem ipsum dolor sit amet consectetur adipiscing elit. Commodo viverra maecenas accumsan lacus vel facilisis. Suscipit adipiscing bibendum est ultricies integer quis auctor elit. Adipiscing vitae proin sagittis nisl rhoncus mattis rhoncus urna neque. Lectus urna duis convallis convallis tellus id interdum.\n\nEtiam non quam lacus suspendisse faucibus interdum posuere lorem. Viverra orci sagittis eu volutpat odio facilisis mauris sit. In ante metus dictum at tempor commodo. Gravida arcu ac tortor dignissim convallis aenean et tortor at. Purus ut faucibus pulvinar elementum integer enim neque volutpat ac. Commodo quis imperdiet massa tincidunt nunc pulvinar sapien et. Risus at ultrices mi tempus. Mattis pellentesque id nibh tortor id aliquet. Porttitor rhoncus dolor purus non enim.",,,taxable,,1,,,0,0,,,,,1,,50,80,Sneakers,,,http://localhost:8080/wordpress/wp-content/uploads/2021/12/shop-item-8_optimized-1.webp,,,,,,,,,0,,,[],,,,,,,,,,,,,,,,,,,,,1,,,,,,,,,,,,,,,,,,,,,,,,,,,,,,,,,,,,,,,,,,,,,,,,,,,,,,,,,,,,,
